[30-03-2026 17:31:48.74] Launching MariaDB 3307 
2026-03-30 17:31:52 0 [Note] Starting MariaDB 10.4.32-MariaDB source revision c4143f909528e3fab0677a28631d10389354c491 as process 26900
2026-03-30 17:31:55 0 [Note] InnoDB: Mutexes and rw_locks use Windows interlocked functions
2026-03-30 17:31:55 0 [Note] InnoDB: Uses event mutexes
2026-03-30 17:31:55 0 [Note] InnoDB: Compressed tables use zlib 1.3
2026-03-30 17:31:55 0 [Note] InnoDB: Number of pools: 1
2026-03-30 17:31:55 0 [Note] InnoDB: Using SSE2 crc32 instructions
2026-03-30 17:31:56 0 [Note] InnoDB: Initializing buffer pool, total size = 128M, instances = 1, chunk size = 128M
2026-03-30 17:31:56 0 [Note] InnoDB: Completed initialization of buffer pool
2026-03-30 17:31:56 0 [ERROR] InnoDB: Operating system error number 32 in a file operation.
2026-03-30 17:31:56 0 [ERROR] InnoDB: The error means that another program is using InnoDB's files. This might be a backup or antivirus software or another instance of MySQL. Please close it to get rid of this error.
2026-03-30 17:32:06 0 [ERROR] InnoDB: Operating system error number 32 in a file operation.
2026-03-30 17:32:06 0 [ERROR] InnoDB: The error means that another program is using InnoDB's files. This might be a backup or antivirus software or another instance of MySQL. Please close it to get rid of this error.
2026-03-30 17:32:16 0 [ERROR] InnoDB: Operating system error number 32 in a file operation.
2026-03-30 17:32:16 0 [ERROR] InnoDB: The error means that another program is using InnoDB's files. This might be a backup or antivirus software or another instance of MySQL. Please close it to get rid of this error.
2026-03-30 17:32:26 0 [ERROR] InnoDB: Operating system error number 32 in a file operation.
2026-03-30 17:32:26 0 [ERROR] InnoDB: The error means that another program is using InnoDB's files. This might be a backup or antivirus software or another instance of MySQL. Please close it to get rid of this error.
2026-03-30 17:32:38 0 [ERROR] InnoDB: Operating system error number 32 in a file operation.
2026-03-30 17:32:38 0 [ERROR] InnoDB: The error means that another program is using InnoDB's files. This might be a backup or antivirus software or another instance of MySQL. Please close it to get rid of this error.
2026-03-30 17:32:48 0 [ERROR] InnoDB: Operating system error number 32 in a file operation.
2026-03-30 17:32:48 0 [ERROR] InnoDB: The error means that another program is using InnoDB's files. This might be a backup or antivirus software or another instance of MySQL. Please close it to get rid of this error.
2026-03-30 17:32:58 0 [ERROR] InnoDB: Operating system error number 32 in a file operation.
2026-03-30 17:32:58 0 [ERROR] InnoDB: The error means that another program is using InnoDB's files. This might be a backup or antivirus software or another instance of MySQL. Please close it to get rid of this error.
2026-03-30 17:33:08 0 [ERROR] InnoDB: Operating system error number 32 in a file operation.
2026-03-30 17:33:08 0 [ERROR] InnoDB: The error means that another program is using InnoDB's files. This might be a backup or antivirus software or another instance of MySQL. Please close it to get rid of this error.
2026-03-30 17:33:18 0 [ERROR] InnoDB: Operating system error number 32 in a file operation.
2026-03-30 17:33:18 0 [ERROR] InnoDB: The error means that another program is using InnoDB's files. This might be a backup or antivirus software or another instance of MySQL. Please close it to get rid of this error.
2026-03-30 17:33:28 0 [ERROR] InnoDB: Operating system error number 32 in a file operation.
2026-03-30 17:33:28 0 [ERROR] InnoDB: The error means that another program is using InnoDB's files. This might be a backup or antivirus software or another instance of MySQL. Please close it to get rid of this error.
2026-03-30 17:33:38 0 [ERROR] InnoDB: Operating system error number 32 in a file operation.
2026-03-30 17:33:38 0 [ERROR] InnoDB: The error means that another program is using InnoDB's files. This might be a backup or antivirus software or another instance of MySQL. Please close it to get rid of this error.
2026-03-30 17:33:48 0 [ERROR] InnoDB: Operating system error number 32 in a file operation.
2026-03-30 17:33:48 0 [ERROR] InnoDB: The error means that another program is using InnoDB's files. This might be a backup or antivirus software or another instance of MySQL. Please close it to get rid of this error.
2026-03-30 17:33:58 0 [ERROR] InnoDB: Operating system error number 32 in a file operation.
2026-03-30 17:33:58 0 [ERROR] InnoDB: The error means that another program is using InnoDB's files. This might be a backup or antivirus software or another instance of MySQL. Please close it to get rid of this error.
2026-03-30 17:34:08 0 [ERROR] InnoDB: Operating system error number 32 in a file operation.
2026-03-30 17:34:08 0 [ERROR] InnoDB: The error means that another program is using InnoDB's files. This might be a backup or antivirus software or another instance of MySQL. Please close it to get rid of this error.
2026-03-30 17:34:18 0 [ERROR] InnoDB: Operating system error number 32 in a file operation.
2026-03-30 17:34:18 0 [ERROR] InnoDB: The error means that another program is using InnoDB's files. This might be a backup or antivirus software or another instance of MySQL. Please close it to get rid of this error.
2026-03-30 17:34:28 0 [ERROR] InnoDB: Operating system error number 32 in a file operation.
2026-03-30 17:34:28 0 [ERROR] InnoDB: The error means that another program is using InnoDB's files. This might be a backup or antivirus software or another instance of MySQL. Please close it to get rid of this error.
2026-03-30 17:34:38 0 [ERROR] InnoDB: Operating system error number 32 in a file operation.
2026-03-30 17:34:38 0 [ERROR] InnoDB: The error means that another program is using InnoDB's files. This might be a backup or antivirus software or another instance of MySQL. Please close it to get rid of this error.
2026-03-30 17:34:48 0 [ERROR] InnoDB: Operating system error number 32 in a file operation.
2026-03-30 17:34:48 0 [ERROR] InnoDB: The error means that another program is using InnoDB's files. This might be a backup or antivirus software or another instance of MySQL. Please close it to get rid of this error.
2026-03-30 17:34:58 0 [ERROR] InnoDB: Operating system error number 32 in a file operation.
2026-03-30 17:34:58 0 [ERROR] InnoDB: The error means that another program is using InnoDB's files. This might be a backup or antivirus software or another instance of MySQL. Please close it to get rid of this error.
2026-03-30 17:35:08 0 [ERROR] InnoDB: Operating system error number 32 in a file operation.
2026-03-30 17:35:08 0 [ERROR] InnoDB: The error means that another program is using InnoDB's files. This might be a backup or antivirus software or another instance of MySQL. Please close it to get rid of this error.
2026-03-30 17:35:18 0 [ERROR] InnoDB: Operating system error number 32 in a file operation.
2026-03-30 17:35:18 0 [ERROR] InnoDB: The error means that another program is using InnoDB's files. This might be a backup or antivirus software or another instance of MySQL. Please close it to get rid of this error.
2026-03-30 17:35:29 0 [ERROR] InnoDB: Operating system error number 32 in a file operation.
2026-03-30 17:35:29 0 [ERROR] InnoDB: The error means that another program is using InnoDB's files. This might be a backup or antivirus software or another instance of MySQL. Please close it to get rid of this error.
2026-03-30 17:35:39 0 [ERROR] InnoDB: Operating system error number 32 in a file operation.
2026-03-30 17:35:39 0 [ERROR] InnoDB: The error means that another program is using InnoDB's files. This might be a backup or antivirus software or another instance of MySQL. Please close it to get rid of this error.
2026-03-30 17:35:49 0 [ERROR] InnoDB: Operating system error number 32 in a file operation.
2026-03-30 17:35:49 0 [ERROR] InnoDB: The error means that another program is using InnoDB's files. This might be a backup or antivirus software or another instance of MySQL. Please close it to get rid of this error.
2026-03-30 17:35:59 0 [ERROR] InnoDB: Operating system error number 32 in a file operation.
2026-03-30 17:35:59 0 [ERROR] InnoDB: The error means that another program is using InnoDB's files. This might be a backup or antivirus software or another instance of MySQL. Please close it to get rid of this error.
2026-03-30 17:36:09 0 [ERROR] InnoDB: Operating system error number 32 in a file operation.
2026-03-30 17:36:09 0 [ERROR] InnoDB: The error means that another program is using InnoDB's files. This might be a backup or antivirus software or another instance of MySQL. Please close it to get rid of this error.
2026-03-30 17:36:19 0 [ERROR] InnoDB: Operating system error number 32 in a file operation.
2026-03-30 17:36:19 0 [ERROR] InnoDB: The error means that another program is using InnoDB's files. This might be a backup or antivirus software or another instance of MySQL. Please close it to get rid of this error.
2026-03-30 17:36:29 0 [ERROR] InnoDB: Operating system error number 32 in a file operation.
2026-03-30 17:36:29 0 [ERROR] InnoDB: The error means that another program is using InnoDB's files. This might be a backup or antivirus software or another instance of MySQL. Please close it to get rid of this error.
2026-03-30 17:36:39 0 [ERROR] InnoDB: Operating system error number 32 in a file operation.
2026-03-30 17:36:39 0 [ERROR] InnoDB: The error means that another program is using InnoDB's files. This might be a backup or antivirus software or another instance of MySQL. Please close it to get rid of this error.
2026-03-30 17:36:49 0 [ERROR] InnoDB: Operating system error number 32 in a file operation.
2026-03-30 17:36:49 0 [ERROR] InnoDB: The error means that another program is using InnoDB's files. This might be a backup or antivirus software or another instance of MySQL. Please close it to get rid of this error.
2026-03-30 17:36:59 0 [ERROR] InnoDB: Operating system error number 32 in a file operation.
2026-03-30 17:36:59 0 [ERROR] InnoDB: The error means that another program is using InnoDB's files. This might be a backup or antivirus software or another instance of MySQL. Please close it to get rid of this error.
2026-03-30 17:37:09 0 [ERROR] InnoDB: Operating system error number 32 in a file operation.
2026-03-30 17:37:09 0 [ERROR] InnoDB: The error means that another program is using InnoDB's files. This might be a backup or antivirus software or another instance of MySQL. Please close it to get rid of this error.
2026-03-30 17:37:19 0 [ERROR] InnoDB: Operating system error number 32 in a file operation.
2026-03-30 17:37:19 0 [ERROR] InnoDB: The error means that another program is using InnoDB's files. This might be a backup or antivirus software or another instance of MySQL. Please close it to get rid of this error.
2026-03-30 17:37:29 0 [ERROR] InnoDB: Operating system error number 32 in a file operation.
2026-03-30 17:37:29 0 [ERROR] InnoDB: The error means that another program is using InnoDB's files. This might be a backup or antivirus software or another instance of MySQL. Please close it to get rid of this error.
2026-03-30 17:37:39 0 [ERROR] InnoDB: Operating system error number 32 in a file operation.
2026-03-30 17:37:39 0 [ERROR] InnoDB: The error means that another program is using InnoDB's files. This might be a backup or antivirus software or another instance of MySQL. Please close it to get rid of this error.
2026-03-30 17:37:49 0 [ERROR] InnoDB: Operating system error number 32 in a file operation.
2026-03-30 17:37:49 0 [ERROR] InnoDB: The error means that another program is using InnoDB's files. This might be a backup or antivirus software or another instance of MySQL. Please close it to get rid of this error.
2026-03-30 17:37:59 0 [ERROR] InnoDB: Operating system error number 32 in a file operation.
2026-03-30 17:37:59 0 [ERROR] InnoDB: The error means that another program is using InnoDB's files. This might be a backup or antivirus software or another instance of MySQL. Please close it to get rid of this error.
2026-03-30 17:38:09 0 [ERROR] InnoDB: Operating system error number 32 in a file operation.
2026-03-30 17:38:09 0 [ERROR] InnoDB: The error means that another program is using InnoDB's files. This might be a backup or antivirus software or another instance of MySQL. Please close it to get rid of this error.
2026-03-30 17:38:19 0 [ERROR] InnoDB: Operating system error number 32 in a file operation.
2026-03-30 17:38:19 0 [ERROR] InnoDB: The error means that another program is using InnoDB's files. This might be a backup or antivirus software or another instance of MySQL. Please close it to get rid of this error.
2026-03-30 17:38:29 0 [ERROR] InnoDB: Operating system error number 32 in a file operation.
2026-03-30 17:38:29 0 [ERROR] InnoDB: The error means that another program is using InnoDB's files. This might be a backup or antivirus software or another instance of MySQL. Please close it to get rid of this error.
2026-03-30 17:38:39 0 [ERROR] InnoDB: Operating system error number 32 in a file operation.
2026-03-30 17:38:39 0 [ERROR] InnoDB: The error means that another program is using InnoDB's files. This might be a backup or antivirus software or another instance of MySQL. Please close it to get rid of this error.
2026-03-30 17:38:49 0 [ERROR] InnoDB: Operating system error number 32 in a file operation.
2026-03-30 17:38:49 0 [ERROR] InnoDB: The error means that another program is using InnoDB's files. This might be a backup or antivirus software or another instance of MySQL. Please close it to get rid of this error.
2026-03-30 17:38:59 0 [ERROR] InnoDB: Operating system error number 32 in a file operation.
2026-03-30 17:38:59 0 [ERROR] InnoDB: The error means that another program is using InnoDB's files. This might be a backup or antivirus software or another instance of MySQL. Please close it to get rid of this error.
2026-03-30 17:39:09 0 [ERROR] InnoDB: Operating system error number 32 in a file operation.
2026-03-30 17:39:09 0 [ERROR] InnoDB: The error means that another program is using InnoDB's files. This might be a backup or antivirus software or another instance of MySQL. Please close it to get rid of this error.
2026-03-30 17:39:19 0 [ERROR] InnoDB: Operating system error number 32 in a file operation.
2026-03-30 17:39:19 0 [ERROR] InnoDB: The error means that another program is using InnoDB's files. This might be a backup or antivirus software or another instance of MySQL. Please close it to get rid of this error.
2026-03-30 17:39:29 0 [ERROR] InnoDB: Operating system error number 32 in a file operation.
2026-03-30 17:39:29 0 [ERROR] InnoDB: The error means that another program is using InnoDB's files. This might be a backup or antivirus software or another instance of MySQL. Please close it to get rid of this error.
2026-03-30 17:39:39 0 [ERROR] InnoDB: Operating system error number 32 in a file operation.
2026-03-30 17:39:39 0 [ERROR] InnoDB: The error means that another program is using InnoDB's files. This might be a backup or antivirus software or another instance of MySQL. Please close it to get rid of this error.
2026-03-30 17:39:49 0 [ERROR] InnoDB: Operating system error number 32 in a file operation.
2026-03-30 17:39:49 0 [ERROR] InnoDB: The error means that another program is using InnoDB's files. This might be a backup or antivirus software or another instance of MySQL. Please close it to get rid of this error.
2026-03-30 17:39:59 0 [ERROR] InnoDB: Operating system error number 32 in a file operation.
2026-03-30 17:39:59 0 [ERROR] InnoDB: The error means that another program is using InnoDB's files. This might be a backup or antivirus software or another instance of MySQL. Please close it to get rid of this error.
2026-03-30 17:40:09 0 [ERROR] InnoDB: Operating system error number 32 in a file operation.
2026-03-30 17:40:09 0 [ERROR] InnoDB: The error means that another program is using InnoDB's files. This might be a backup or antivirus software or another instance of MySQL. Please close it to get rid of this error.
2026-03-30 17:40:19 0 [ERROR] InnoDB: Operating system error number 32 in a file operation.
2026-03-30 17:40:19 0 [ERROR] InnoDB: The error means that another program is using InnoDB's files. This might be a backup or antivirus software or another instance of MySQL. Please close it to get rid of this error.
2026-03-30 17:40:29 0 [ERROR] InnoDB: Operating system error number 32 in a file operation.
2026-03-30 17:40:29 0 [ERROR] InnoDB: The error means that another program is using InnoDB's files. This might be a backup or antivirus software or another instance of MySQL. Please close it to get rid of this error.
2026-03-30 17:40:39 0 [ERROR] InnoDB: Operating system error number 32 in a file operation.
2026-03-30 17:40:39 0 [ERROR] InnoDB: The error means that another program is using InnoDB's files. This might be a backup or antivirus software or another instance of MySQL. Please close it to get rid of this error.
2026-03-30 17:40:49 0 [ERROR] InnoDB: Operating system error number 32 in a file operation.
2026-03-30 17:40:49 0 [ERROR] InnoDB: The error means that another program is using InnoDB's files. This might be a backup or antivirus software or another instance of MySQL. Please close it to get rid of this error.
2026-03-30 17:40:59 0 [ERROR] InnoDB: Operating system error number 32 in a file operation.
2026-03-30 17:40:59 0 [ERROR] InnoDB: The error means that another program is using InnoDB's files. This might be a backup or antivirus software or another instance of MySQL. Please close it to get rid of this error.
2026-03-30 17:41:09 0 [ERROR] InnoDB: Operating system error number 32 in a file operation.
2026-03-30 17:41:09 0 [ERROR] InnoDB: The error means that another program is using InnoDB's files. This might be a backup or antivirus software or another instance of MySQL. Please close it to get rid of this error.
2026-03-30 17:41:19 0 [ERROR] InnoDB: Operating system error number 32 in a file operation.
2026-03-30 17:41:19 0 [ERROR] InnoDB: The error means that another program is using InnoDB's files. This might be a backup or antivirus software or another instance of MySQL. Please close it to get rid of this error.
2026-03-30 17:41:29 0 [ERROR] InnoDB: Operating system error number 32 in a file operation.
2026-03-30 17:41:29 0 [ERROR] InnoDB: The error means that another program is using InnoDB's files. This might be a backup or antivirus software or another instance of MySQL. Please close it to get rid of this error.
2026-03-30 17:41:39 0 [ERROR] InnoDB: Operating system error number 32 in a file operation.
2026-03-30 17:41:39 0 [ERROR] InnoDB: The error means that another program is using InnoDB's files. This might be a backup or antivirus software or another instance of MySQL. Please close it to get rid of this error.
2026-03-30 17:41:49 0 [ERROR] InnoDB: Operating system error number 32 in a file operation.
2026-03-30 17:41:49 0 [ERROR] InnoDB: The error means that another program is using InnoDB's files. This might be a backup or antivirus software or another instance of MySQL. Please close it to get rid of this error.
2026-03-30 17:41:59 0 [ERROR] InnoDB: Operating system error number 32 in a file operation.
2026-03-30 17:41:59 0 [ERROR] InnoDB: The error means that another program is using InnoDB's files. This might be a backup or antivirus software or another instance of MySQL. Please close it to get rid of this error.
2026-03-30 17:42:09 0 [ERROR] InnoDB: Operating system error number 32 in a file operation.
2026-03-30 17:42:09 0 [ERROR] InnoDB: The error means that another program is using InnoDB's files. This might be a backup or antivirus software or another instance of MySQL. Please close it to get rid of this error.
2026-03-30 17:42:19 0 [ERROR] InnoDB: Operating system error number 32 in a file operation.
2026-03-30 17:42:19 0 [ERROR] InnoDB: The error means that another program is using InnoDB's files. This might be a backup or antivirus software or another instance of MySQL. Please close it to get rid of this error.
2026-03-30 17:42:29 0 [ERROR] InnoDB: Operating system error number 32 in a file operation.
2026-03-30 17:42:29 0 [ERROR] InnoDB: The error means that another program is using InnoDB's files. This might be a backup or antivirus software or another instance of MySQL. Please close it to get rid of this error.
2026-03-30 17:42:39 0 [ERROR] InnoDB: Operating system error number 32 in a file operation.
2026-03-30 17:42:39 0 [ERROR] InnoDB: The error means that another program is using InnoDB's files. This might be a backup or antivirus software or another instance of MySQL. Please close it to get rid of this error.
2026-03-30 17:42:49 0 [ERROR] InnoDB: Operating system error number 32 in a file operation.
2026-03-30 17:42:49 0 [ERROR] InnoDB: The error means that another program is using InnoDB's files. This might be a backup or antivirus software or another instance of MySQL. Please close it to get rid of this error.
2026-03-30 17:42:59 0 [ERROR] InnoDB: Operating system error number 32 in a file operation.
2026-03-30 17:42:59 0 [ERROR] InnoDB: The error means that another program is using InnoDB's files. This might be a backup or antivirus software or another instance of MySQL. Please close it to get rid of this error.
2026-03-30 17:43:09 0 [ERROR] InnoDB: Operating system error number 32 in a file operation.
2026-03-30 17:43:09 0 [ERROR] InnoDB: The error means that another program is using InnoDB's files. This might be a backup or antivirus software or another instance of MySQL. Please close it to get rid of this error.
2026-03-30 17:43:19 0 [ERROR] InnoDB: Operating system error number 32 in a file operation.
2026-03-30 17:43:19 0 [ERROR] InnoDB: The error means that another program is using InnoDB's files. This might be a backup or antivirus software or another instance of MySQL. Please close it to get rid of this error.
2026-03-30 17:43:29 0 [ERROR] InnoDB: Operating system error number 32 in a file operation.
2026-03-30 17:43:29 0 [ERROR] InnoDB: The error means that another program is using InnoDB's files. This might be a backup or antivirus software or another instance of MySQL. Please close it to get rid of this error.
2026-03-30 17:43:39 0 [ERROR] InnoDB: Operating system error number 32 in a file operation.
2026-03-30 17:43:39 0 [ERROR] InnoDB: The error means that another program is using InnoDB's files. This might be a backup or antivirus software or another instance of MySQL. Please close it to get rid of this error.
2026-03-30 17:43:49 0 [ERROR] InnoDB: Operating system error number 32 in a file operation.
2026-03-30 17:43:49 0 [ERROR] InnoDB: The error means that another program is using InnoDB's files. This might be a backup or antivirus software or another instance of MySQL. Please close it to get rid of this error.
2026-03-30 17:43:59 0 [ERROR] InnoDB: Operating system error number 32 in a file operation.
2026-03-30 17:43:59 0 [ERROR] InnoDB: The error means that another program is using InnoDB's files. This might be a backup or antivirus software or another instance of MySQL. Please close it to get rid of this error.
2026-03-30 17:44:09 0 [ERROR] InnoDB: Operating system error number 32 in a file operation.
2026-03-30 17:44:09 0 [ERROR] InnoDB: The error means that another program is using InnoDB's files. This might be a backup or antivirus software or another instance of MySQL. Please close it to get rid of this error.
2026-03-30 17:44:19 0 [ERROR] InnoDB: Operating system error number 32 in a file operation.
2026-03-30 17:44:19 0 [ERROR] InnoDB: The error means that another program is using InnoDB's files. This might be a backup or antivirus software or another instance of MySQL. Please close it to get rid of this error.
2026-03-30 17:44:29 0 [ERROR] InnoDB: Operating system error number 32 in a file operation.
2026-03-30 17:44:29 0 [ERROR] InnoDB: The error means that another program is using InnoDB's files. This might be a backup or antivirus software or another instance of MySQL. Please close it to get rid of this error.
2026-03-30 17:44:39 0 [ERROR] InnoDB: Operating system error number 32 in a file operation.
2026-03-30 17:44:39 0 [ERROR] InnoDB: The error means that another program is using InnoDB's files. This might be a backup or antivirus software or another instance of MySQL. Please close it to get rid of this error.
2026-03-30 17:44:49 0 [ERROR] InnoDB: Operating system error number 32 in a file operation.
2026-03-30 17:44:49 0 [ERROR] InnoDB: The error means that another program is using InnoDB's files. This might be a backup or antivirus software or another instance of MySQL. Please close it to get rid of this error.
2026-03-30 17:44:59 0 [ERROR] InnoDB: Operating system error number 32 in a file operation.
2026-03-30 17:44:59 0 [ERROR] InnoDB: The error means that another program is using InnoDB's files. This might be a backup or antivirus software or another instance of MySQL. Please close it to get rid of this error.
2026-03-30 17:45:09 0 [ERROR] InnoDB: Operating system error number 32 in a file operation.
2026-03-30 17:45:09 0 [ERROR] InnoDB: The error means that another program is using InnoDB's files. This might be a backup or antivirus software or another instance of MySQL. Please close it to get rid of this error.
2026-03-30 17:45:19 0 [ERROR] InnoDB: Operating system error number 32 in a file operation.
2026-03-30 17:45:19 0 [ERROR] InnoDB: The error means that another program is using InnoDB's files. This might be a backup or antivirus software or another instance of MySQL. Please close it to get rid of this error.
2026-03-30 17:45:29 0 [ERROR] InnoDB: Operating system error number 32 in a file operation.
2026-03-30 17:45:29 0 [ERROR] InnoDB: The error means that another program is using InnoDB's files. This might be a backup or antivirus software or another instance of MySQL. Please close it to get rid of this error.
2026-03-30 17:45:39 0 [ERROR] InnoDB: Operating system error number 32 in a file operation.
2026-03-30 17:45:39 0 [ERROR] InnoDB: The error means that another program is using InnoDB's files. This might be a backup or antivirus software or another instance of MySQL. Please close it to get rid of this error.
2026-03-30 17:45:49 0 [ERROR] InnoDB: Operating system error number 32 in a file operation.
2026-03-30 17:45:49 0 [ERROR] InnoDB: The error means that another program is using InnoDB's files. This might be a backup or antivirus software or another instance of MySQL. Please close it to get rid of this error.
2026-03-30 17:45:59 0 [ERROR] InnoDB: Operating system error number 32 in a file operation.
2026-03-30 17:45:59 0 [ERROR] InnoDB: The error means that another program is using InnoDB's files. This might be a backup or antivirus software or another instance of MySQL. Please close it to get rid of this error.
2026-03-30 17:46:09 0 [ERROR] InnoDB: Operating system error number 32 in a file operation.
2026-03-30 17:46:09 0 [ERROR] InnoDB: The error means that another program is using InnoDB's files. This might be a backup or antivirus software or another instance of MySQL. Please close it to get rid of this error.
2026-03-30 17:46:19 0 [ERROR] InnoDB: Operating system error number 32 in a file operation.
2026-03-30 17:46:19 0 [ERROR] InnoDB: The error means that another program is using InnoDB's files. This might be a backup or antivirus software or another instance of MySQL. Please close it to get rid of this error.
2026-03-30 17:46:29 0 [ERROR] InnoDB: Operating system error number 32 in a file operation.
2026-03-30 17:46:29 0 [ERROR] InnoDB: The error means that another program is using InnoDB's files. This might be a backup or antivirus software or another instance of MySQL. Please close it to get rid of this error.
2026-03-30 17:46:39 0 [ERROR] InnoDB: Operating system error number 32 in a file operation.
2026-03-30 17:46:39 0 [ERROR] InnoDB: The error means that another program is using InnoDB's files. This might be a backup or antivirus software or another instance of MySQL. Please close it to get rid of this error.
2026-03-30 17:46:49 0 [ERROR] InnoDB: Operating system error number 32 in a file operation.
2026-03-30 17:46:49 0 [ERROR] InnoDB: The error means that another program is using InnoDB's files. This might be a backup or antivirus software or another instance of MySQL. Please close it to get rid of this error.
2026-03-30 17:46:59 0 [ERROR] InnoDB: Operating system error number 32 in a file operation.
2026-03-30 17:46:59 0 [ERROR] InnoDB: The error means that another program is using InnoDB's files. This might be a backup or antivirus software or another instance of MySQL. Please close it to get rid of this error.
2026-03-30 17:47:09 0 [ERROR] InnoDB: Operating system error number 32 in a file operation.
2026-03-30 17:47:09 0 [ERROR] InnoDB: The error means that another program is using InnoDB's files. This might be a backup or antivirus software or another instance of MySQL. Please close it to get rid of this error.
2026-03-30 17:48:02 0 [ERROR] InnoDB: Operating system error number 32 in a file operation.
2026-03-30 17:48:02 0 [ERROR] InnoDB: The error means that another program is using InnoDB's files. This might be a backup or antivirus software or another instance of MySQL. Please close it to get rid of this error.
2026-03-30 17:48:12 0 [ERROR] InnoDB: Operating system error number 32 in a file operation.
2026-03-30 17:48:12 0 [ERROR] InnoDB: The error means that another program is using InnoDB's files. This might be a backup or antivirus software or another instance of MySQL. Please close it to get rid of this error.
2026-03-30 17:48:22 0 [ERROR] InnoDB: Operating system error number 32 in a file operation.
2026-03-30 17:48:22 0 [ERROR] InnoDB: The error means that another program is using InnoDB's files. This might be a backup or antivirus software or another instance of MySQL. Please close it to get rid of this error.
2026-03-30 17:48:32 0 [ERROR] InnoDB: Operating system error number 32 in a file operation.
2026-03-30 17:48:32 0 [ERROR] InnoDB: The error means that another program is using InnoDB's files. This might be a backup or antivirus software or another instance of MySQL. Please close it to get rid of this error.
2026-03-30 17:48:42 0 [ERROR] InnoDB: Operating system error number 32 in a file operation.
2026-03-30 17:48:42 0 [ERROR] InnoDB: The error means that another program is using InnoDB's files. This might be a backup or antivirus software or another instance of MySQL. Please close it to get rid of this error.
2026-03-30 17:48:52 0 [ERROR] InnoDB: Operating system error number 32 in a file operation.
2026-03-30 17:48:52 0 [ERROR] InnoDB: The error means that another program is using InnoDB's files. This might be a backup or antivirus software or another instance of MySQL. Please close it to get rid of this error.
2026-03-30 17:49:02 0 [ERROR] InnoDB: Operating system error number 32 in a file operation.
2026-03-30 17:49:02 0 [ERROR] InnoDB: The error means that another program is using InnoDB's files. This might be a backup or antivirus software or another instance of MySQL. Please close it to get rid of this error.
2026-03-30 17:49:12 0 [ERROR] InnoDB: Operating system error number 32 in a file operation.
2026-03-30 17:49:12 0 [ERROR] InnoDB: The error means that another program is using InnoDB's files. This might be a backup or antivirus software or another instance of MySQL. Please close it to get rid of this error.
2026-03-30 17:49:22 0 [ERROR] InnoDB: Operating system error number 32 in a file operation.
2026-03-30 17:49:22 0 [ERROR] InnoDB: The error means that another program is using InnoDB's files. This might be a backup or antivirus software or another instance of MySQL. Please close it to get rid of this error.
2026-03-30 17:49:32 0 [ERROR] InnoDB: Operating system error number 32 in a file operation.
2026-03-30 17:49:32 0 [ERROR] InnoDB: The error means that another program is using InnoDB's files. This might be a backup or antivirus software or another instance of MySQL. Please close it to get rid of this error.
2026-03-30 17:49:42 0 [ERROR] InnoDB: Operating system error number 32 in a file operation.
2026-03-30 17:49:42 0 [ERROR] InnoDB: The error means that another program is using InnoDB's files. This might be a backup or antivirus software or another instance of MySQL. Please close it to get rid of this error.
2026-03-30 17:49:52 0 [ERROR] InnoDB: Operating system error number 32 in a file operation.
2026-03-30 17:49:52 0 [ERROR] InnoDB: The error means that another program is using InnoDB's files. This might be a backup or antivirus software or another instance of MySQL. Please close it to get rid of this error.
2026-03-30 17:50:02 0 [ERROR] InnoDB: Operating system error number 32 in a file operation.
2026-03-30 17:50:02 0 [ERROR] InnoDB: The error means that another program is using InnoDB's files. This might be a backup or antivirus software or another instance of MySQL. Please close it to get rid of this error.
2026-03-30 17:50:12 0 [ERROR] InnoDB: Operating system error number 32 in a file operation.
2026-03-30 17:50:12 0 [ERROR] InnoDB: The error means that another program is using InnoDB's files. This might be a backup or antivirus software or another instance of MySQL. Please close it to get rid of this error.
2026-03-30 17:50:22 0 [ERROR] InnoDB: Operating system error number 32 in a file operation.
2026-03-30 17:50:22 0 [ERROR] InnoDB: The error means that another program is using InnoDB's files. This might be a backup or antivirus software or another instance of MySQL. Please close it to get rid of this error.
2026-03-30 17:50:32 0 [ERROR] InnoDB: Operating system error number 32 in a file operation.
2026-03-30 17:50:32 0 [ERROR] InnoDB: The error means that another program is using InnoDB's files. This might be a backup or antivirus software or another instance of MySQL. Please close it to get rid of this error.
2026-03-30 17:50:42 0 [ERROR] InnoDB: Operating system error number 32 in a file operation.
2026-03-30 17:50:42 0 [ERROR] InnoDB: The error means that another program is using InnoDB's files. This might be a backup or antivirus software or another instance of MySQL. Please close it to get rid of this error.
2026-03-30 17:50:52 0 [ERROR] InnoDB: Operating system error number 32 in a file operation.
2026-03-30 17:50:52 0 [ERROR] InnoDB: The error means that another program is using InnoDB's files. This might be a backup or antivirus software or another instance of MySQL. Please close it to get rid of this error.
2026-03-30 17:51:03 0 [ERROR] InnoDB: Operating system error number 32 in a file operation.
2026-03-30 17:51:03 0 [ERROR] InnoDB: The error means that another program is using InnoDB's files. This might be a backup or antivirus software or another instance of MySQL. Please close it to get rid of this error.
2026-03-30 17:51:13 0 [ERROR] InnoDB: Operating system error number 32 in a file operation.
2026-03-30 17:51:13 0 [ERROR] InnoDB: The error means that another program is using InnoDB's files. This might be a backup or antivirus software or another instance of MySQL. Please close it to get rid of this error.
2026-03-30 17:51:23 0 [ERROR] InnoDB: Operating system error number 32 in a file operation.
2026-03-30 17:51:23 0 [ERROR] InnoDB: The error means that another program is using InnoDB's files. This might be a backup or antivirus software or another instance of MySQL. Please close it to get rid of this error.
2026-03-30 17:51:33 0 [ERROR] InnoDB: Operating system error number 32 in a file operation.
2026-03-30 17:51:33 0 [ERROR] InnoDB: The error means that another program is using InnoDB's files. This might be a backup or antivirus software or another instance of MySQL. Please close it to get rid of this error.
2026-03-30 17:51:43 0 [ERROR] InnoDB: Operating system error number 32 in a file operation.
2026-03-30 17:51:43 0 [ERROR] InnoDB: The error means that another program is using InnoDB's files. This might be a backup or antivirus software or another instance of MySQL. Please close it to get rid of this error.
2026-03-30 17:51:53 0 [ERROR] InnoDB: Operating system error number 32 in a file operation.
2026-03-30 17:51:53 0 [ERROR] InnoDB: The error means that another program is using InnoDB's files. This might be a backup or antivirus software or another instance of MySQL. Please close it to get rid of this error.
2026-03-30 17:52:03 0 [ERROR] InnoDB: Operating system error number 32 in a file operation.
2026-03-30 17:52:03 0 [ERROR] InnoDB: The error means that another program is using InnoDB's files. This might be a backup or antivirus software or another instance of MySQL. Please close it to get rid of this error.
2026-03-30 17:52:13 0 [ERROR] InnoDB: Operating system error number 32 in a file operation.
2026-03-30 17:52:13 0 [ERROR] InnoDB: The error means that another program is using InnoDB's files. This might be a backup or antivirus software or another instance of MySQL. Please close it to get rid of this error.
2026-03-30 17:52:23 0 [ERROR] InnoDB: Operating system error number 32 in a file operation.
2026-03-30 17:52:23 0 [ERROR] InnoDB: The error means that another program is using InnoDB's files. This might be a backup or antivirus software or another instance of MySQL. Please close it to get rid of this error.
2026-03-30 17:52:33 0 [ERROR] InnoDB: Operating system error number 32 in a file operation.
2026-03-30 17:52:33 0 [ERROR] InnoDB: The error means that another program is using InnoDB's files. This might be a backup or antivirus software or another instance of MySQL. Please close it to get rid of this error.
2026-03-30 17:52:43 0 [ERROR] InnoDB: Operating system error number 32 in a file operation.
2026-03-30 17:52:43 0 [ERROR] InnoDB: The error means that another program is using InnoDB's files. This might be a backup or antivirus software or another instance of MySQL. Please close it to get rid of this error.
2026-03-30 17:52:53 0 [ERROR] InnoDB: Operating system error number 32 in a file operation.
2026-03-30 17:52:53 0 [ERROR] InnoDB: The error means that another program is using InnoDB's files. This might be a backup or antivirus software or another instance of MySQL. Please close it to get rid of this error.
2026-03-30 17:53:03 0 [ERROR] InnoDB: Operating system error number 32 in a file operation.
2026-03-30 17:53:03 0 [ERROR] InnoDB: The error means that another program is using InnoDB's files. This might be a backup or antivirus software or another instance of MySQL. Please close it to get rid of this error.
2026-03-30 17:53:13 0 [ERROR] InnoDB: Operating system error number 32 in a file operation.
2026-03-30 17:53:13 0 [ERROR] InnoDB: The error means that another program is using InnoDB's files. This might be a backup or antivirus software or another instance of MySQL. Please close it to get rid of this error.
2026-03-30 17:53:23 0 [ERROR] InnoDB: Operating system error number 32 in a file operation.
2026-03-30 17:53:23 0 [ERROR] InnoDB: The error means that another program is using InnoDB's files. This might be a backup or antivirus software or another instance of MySQL. Please close it to get rid of this error.
2026-03-30 17:53:33 0 [ERROR] InnoDB: Operating system error number 32 in a file operation.
2026-03-30 17:53:33 0 [ERROR] InnoDB: The error means that another program is using InnoDB's files. This might be a backup or antivirus software or another instance of MySQL. Please close it to get rid of this error.
2026-03-30 17:53:43 0 [ERROR] InnoDB: Operating system error number 32 in a file operation.
2026-03-30 17:53:43 0 [ERROR] InnoDB: The error means that another program is using InnoDB's files. This might be a backup or antivirus software or another instance of MySQL. Please close it to get rid of this error.
2026-03-30 17:53:53 0 [ERROR] InnoDB: Operating system error number 32 in a file operation.
2026-03-30 17:53:53 0 [ERROR] InnoDB: The error means that another program is using InnoDB's files. This might be a backup or antivirus software or another instance of MySQL. Please close it to get rid of this error.
2026-03-30 17:54:03 0 [ERROR] InnoDB: Operating system error number 32 in a file operation.
2026-03-30 17:54:03 0 [ERROR] InnoDB: The error means that another program is using InnoDB's files. This might be a backup or antivirus software or another instance of MySQL. Please close it to get rid of this error.
2026-03-30 17:54:13 0 [ERROR] InnoDB: Operating system error number 32 in a file operation.
2026-03-30 17:54:13 0 [ERROR] InnoDB: The error means that another program is using InnoDB's files. This might be a backup or antivirus software or another instance of MySQL. Please close it to get rid of this error.
2026-03-30 17:54:23 0 [ERROR] InnoDB: Operating system error number 32 in a file operation.
2026-03-30 17:54:23 0 [ERROR] InnoDB: The error means that another program is using InnoDB's files. This might be a backup or antivirus software or another instance of MySQL. Please close it to get rid of this error.
2026-03-30 17:54:33 0 [ERROR] InnoDB: Operating system error number 32 in a file operation.
2026-03-30 17:54:33 0 [ERROR] InnoDB: The error means that another program is using InnoDB's files. This might be a backup or antivirus software or another instance of MySQL. Please close it to get rid of this error.
2026-03-30 17:54:43 0 [ERROR] InnoDB: Operating system error number 32 in a file operation.
2026-03-30 17:54:43 0 [ERROR] InnoDB: The error means that another program is using InnoDB's files. This might be a backup or antivirus software or another instance of MySQL. Please close it to get rid of this error.
2026-03-30 17:54:53 0 [ERROR] InnoDB: Operating system error number 32 in a file operation.
2026-03-30 17:54:53 0 [ERROR] InnoDB: The error means that another program is using InnoDB's files. This might be a backup or antivirus software or another instance of MySQL. Please close it to get rid of this error.
2026-03-30 17:55:03 0 [ERROR] InnoDB: Operating system error number 32 in a file operation.
2026-03-30 17:55:03 0 [ERROR] InnoDB: The error means that another program is using InnoDB's files. This might be a backup or antivirus software or another instance of MySQL. Please close it to get rid of this error.
2026-03-30 17:55:13 0 [ERROR] InnoDB: Operating system error number 32 in a file operation.
2026-03-30 17:55:13 0 [ERROR] InnoDB: The error means that another program is using InnoDB's files. This might be a backup or antivirus software or another instance of MySQL. Please close it to get rid of this error.
2026-03-30 17:55:23 0 [ERROR] InnoDB: Operating system error number 32 in a file operation.
2026-03-30 17:55:23 0 [ERROR] InnoDB: The error means that another program is using InnoDB's files. This might be a backup or antivirus software or another instance of MySQL. Please close it to get rid of this error.
2026-03-30 17:55:33 0 [ERROR] InnoDB: Operating system error number 32 in a file operation.
2026-03-30 17:55:33 0 [ERROR] InnoDB: The error means that another program is using InnoDB's files. This might be a backup or antivirus software or another instance of MySQL. Please close it to get rid of this error.
2026-03-30 17:55:43 0 [ERROR] InnoDB: Operating system error number 32 in a file operation.
2026-03-30 17:55:43 0 [ERROR] InnoDB: The error means that another program is using InnoDB's files. This might be a backup or antivirus software or another instance of MySQL. Please close it to get rid of this error.
2026-03-30 17:55:53 0 [ERROR] InnoDB: Operating system error number 32 in a file operation.
2026-03-30 17:55:53 0 [ERROR] InnoDB: The error means that another program is using InnoDB's files. This might be a backup or antivirus software or another instance of MySQL. Please close it to get rid of this error.
2026-03-30 17:56:03 0 [ERROR] InnoDB: Operating system error number 32 in a file operation.
2026-03-30 17:56:03 0 [ERROR] InnoDB: The error means that another program is using InnoDB's files. This might be a backup or antivirus software or another instance of MySQL. Please close it to get rid of this error.
2026-03-30 17:56:13 0 [ERROR] InnoDB: Operating system error number 32 in a file operation.
2026-03-30 17:56:13 0 [ERROR] InnoDB: The error means that another program is using InnoDB's files. This might be a backup or antivirus software or another instance of MySQL. Please close it to get rid of this error.
2026-03-30 17:56:23 0 [ERROR] InnoDB: Operating system error number 32 in a file operation.
2026-03-30 17:56:23 0 [ERROR] InnoDB: The error means that another program is using InnoDB's files. This might be a backup or antivirus software or another instance of MySQL. Please close it to get rid of this error.
2026-03-30 17:56:33 0 [ERROR] InnoDB: Operating system error number 32 in a file operation.
2026-03-30 17:56:33 0 [ERROR] InnoDB: The error means that another program is using InnoDB's files. This might be a backup or antivirus software or another instance of MySQL. Please close it to get rid of this error.
2026-03-30 17:56:43 0 [ERROR] InnoDB: Operating system error number 32 in a file operation.
2026-03-30 17:56:43 0 [ERROR] InnoDB: The error means that another program is using InnoDB's files. This might be a backup or antivirus software or another instance of MySQL. Please close it to get rid of this error.
2026-03-30 17:56:53 0 [ERROR] InnoDB: Operating system error number 32 in a file operation.
2026-03-30 17:56:53 0 [ERROR] InnoDB: The error means that another program is using InnoDB's files. This might be a backup or antivirus software or another instance of MySQL. Please close it to get rid of this error.
2026-03-30 17:57:03 0 [ERROR] InnoDB: Operating system error number 32 in a file operation.
2026-03-30 17:57:03 0 [ERROR] InnoDB: The error means that another program is using InnoDB's files. This might be a backup or antivirus software or another instance of MySQL. Please close it to get rid of this error.
2026-03-30 17:57:13 0 [ERROR] InnoDB: Operating system error number 32 in a file operation.
2026-03-30 17:57:13 0 [ERROR] InnoDB: The error means that another program is using InnoDB's files. This might be a backup or antivirus software or another instance of MySQL. Please close it to get rid of this error.
2026-03-30 17:57:23 0 [ERROR] InnoDB: Operating system error number 32 in a file operation.
2026-03-30 17:57:23 0 [ERROR] InnoDB: The error means that another program is using InnoDB's files. This might be a backup or antivirus software or another instance of MySQL. Please close it to get rid of this error.
2026-03-30 17:57:33 0 [ERROR] InnoDB: Operating system error number 32 in a file operation.
2026-03-30 17:57:33 0 [ERROR] InnoDB: The error means that another program is using InnoDB's files. This might be a backup or antivirus software or another instance of MySQL. Please close it to get rid of this error.
2026-03-30 17:57:43 0 [ERROR] InnoDB: Operating system error number 32 in a file operation.
2026-03-30 17:57:43 0 [ERROR] InnoDB: The error means that another program is using InnoDB's files. This might be a backup or antivirus software or another instance of MySQL. Please close it to get rid of this error.
2026-03-30 17:57:53 0 [ERROR] InnoDB: Operating system error number 32 in a file operation.
2026-03-30 17:57:53 0 [ERROR] InnoDB: The error means that another program is using InnoDB's files. This might be a backup or antivirus software or another instance of MySQL. Please close it to get rid of this error.
2026-03-30 17:58:03 0 [ERROR] InnoDB: Operating system error number 32 in a file operation.
2026-03-30 17:58:03 0 [ERROR] InnoDB: The error means that another program is using InnoDB's files. This might be a backup or antivirus software or another instance of MySQL. Please close it to get rid of this error.
2026-03-30 17:58:13 0 [ERROR] InnoDB: Operating system error number 32 in a file operation.
2026-03-30 17:58:13 0 [ERROR] InnoDB: The error means that another program is using InnoDB's files. This might be a backup or antivirus software or another instance of MySQL. Please close it to get rid of this error.
2026-03-30 17:58:23 0 [ERROR] InnoDB: Operating system error number 32 in a file operation.
2026-03-30 17:58:23 0 [ERROR] InnoDB: The error means that another program is using InnoDB's files. This might be a backup or antivirus software or another instance of MySQL. Please close it to get rid of this error.
2026-03-30 17:58:33 0 [ERROR] InnoDB: Operating system error number 32 in a file operation.
2026-03-30 17:58:33 0 [ERROR] InnoDB: The error means that another program is using InnoDB's files. This might be a backup or antivirus software or another instance of MySQL. Please close it to get rid of this error.
2026-03-30 17:58:43 0 [ERROR] InnoDB: Operating system error number 32 in a file operation.
2026-03-30 17:58:43 0 [ERROR] InnoDB: The error means that another program is using InnoDB's files. This might be a backup or antivirus software or another instance of MySQL. Please close it to get rid of this error.
2026-03-30 17:58:53 0 [ERROR] InnoDB: Operating system error number 32 in a file operation.
2026-03-30 17:58:53 0 [ERROR] InnoDB: The error means that another program is using InnoDB's files. This might be a backup or antivirus software or another instance of MySQL. Please close it to get rid of this error.
2026-03-30 17:59:03 0 [ERROR] InnoDB: Operating system error number 32 in a file operation.
2026-03-30 17:59:03 0 [ERROR] InnoDB: The error means that another program is using InnoDB's files. This might be a backup or antivirus software or another instance of MySQL. Please close it to get rid of this error.
2026-03-30 17:59:13 0 [ERROR] InnoDB: Operating system error number 32 in a file operation.
2026-03-30 17:59:13 0 [ERROR] InnoDB: The error means that another program is using InnoDB's files. This might be a backup or antivirus software or another instance of MySQL. Please close it to get rid of this error.
2026-03-30 17:59:23 0 [ERROR] InnoDB: Operating system error number 32 in a file operation.
2026-03-30 17:59:23 0 [ERROR] InnoDB: The error means that another program is using InnoDB's files. This might be a backup or antivirus software or another instance of MySQL. Please close it to get rid of this error.
2026-03-30 17:59:33 0 [ERROR] InnoDB: Operating system error number 32 in a file operation.
2026-03-30 17:59:33 0 [ERROR] InnoDB: The error means that another program is using InnoDB's files. This might be a backup or antivirus software or another instance of MySQL. Please close it to get rid of this error.
2026-03-30 17:59:43 0 [ERROR] InnoDB: Operating system error number 32 in a file operation.
2026-03-30 17:59:43 0 [ERROR] InnoDB: The error means that another program is using InnoDB's files. This might be a backup or antivirus software or another instance of MySQL. Please close it to get rid of this error.
2026-03-30 17:59:53 0 [ERROR] InnoDB: Operating system error number 32 in a file operation.
2026-03-30 17:59:53 0 [ERROR] InnoDB: The error means that another program is using InnoDB's files. This might be a backup or antivirus software or another instance of MySQL. Please close it to get rid of this error.
2026-03-30 18:00:03 0 [ERROR] InnoDB: Operating system error number 32 in a file operation.
2026-03-30 18:00:03 0 [ERROR] InnoDB: The error means that another program is using InnoDB's files. This might be a backup or antivirus software or another instance of MySQL. Please close it to get rid of this error.
2026-03-30 18:00:13 0 [ERROR] InnoDB: Operating system error number 32 in a file operation.
2026-03-30 18:00:13 0 [ERROR] InnoDB: The error means that another program is using InnoDB's files. This might be a backup or antivirus software or another instance of MySQL. Please close it to get rid of this error.
2026-03-30 18:00:23 0 [ERROR] InnoDB: Operating system error number 32 in a file operation.
2026-03-30 18:00:23 0 [ERROR] InnoDB: The error means that another program is using InnoDB's files. This might be a backup or antivirus software or another instance of MySQL. Please close it to get rid of this error.
2026-03-30 18:00:33 0 [ERROR] InnoDB: Operating system error number 32 in a file operation.
2026-03-30 18:00:33 0 [ERROR] InnoDB: The error means that another program is using InnoDB's files. This might be a backup or antivirus software or another instance of MySQL. Please close it to get rid of this error.
2026-03-30 18:00:43 0 [ERROR] InnoDB: Operating system error number 32 in a file operation.
2026-03-30 18:00:43 0 [ERROR] InnoDB: The error means that another program is using InnoDB's files. This might be a backup or antivirus software or another instance of MySQL. Please close it to get rid of this error.
2026-03-30 18:00:53 0 [ERROR] InnoDB: Operating system error number 32 in a file operation.
2026-03-30 18:00:53 0 [ERROR] InnoDB: The error means that another program is using InnoDB's files. This might be a backup or antivirus software or another instance of MySQL. Please close it to get rid of this error.
2026-03-30 18:01:03 0 [ERROR] InnoDB: Operating system error number 32 in a file operation.
2026-03-30 18:01:03 0 [ERROR] InnoDB: The error means that another program is using InnoDB's files. This might be a backup or antivirus software or another instance of MySQL. Please close it to get rid of this error.
2026-03-30 18:01:13 0 [ERROR] InnoDB: Operating system error number 32 in a file operation.
2026-03-30 18:01:13 0 [ERROR] InnoDB: The error means that another program is using InnoDB's files. This might be a backup or antivirus software or another instance of MySQL. Please close it to get rid of this error.
2026-03-30 18:01:23 0 [ERROR] InnoDB: Operating system error number 32 in a file operation.
2026-03-30 18:01:23 0 [ERROR] InnoDB: The error means that another program is using InnoDB's files. This might be a backup or antivirus software or another instance of MySQL. Please close it to get rid of this error.
2026-03-30 18:01:33 0 [ERROR] InnoDB: Operating system error number 32 in a file operation.
2026-03-30 18:01:33 0 [ERROR] InnoDB: The error means that another program is using InnoDB's files. This might be a backup or antivirus software or another instance of MySQL. Please close it to get rid of this error.
2026-03-30 18:01:43 0 [ERROR] InnoDB: Operating system error number 32 in a file operation.
2026-03-30 18:01:43 0 [ERROR] InnoDB: The error means that another program is using InnoDB's files. This might be a backup or antivirus software or another instance of MySQL. Please close it to get rid of this error.
2026-03-30 18:01:53 0 [ERROR] InnoDB: Operating system error number 32 in a file operation.
2026-03-30 18:01:53 0 [ERROR] InnoDB: The error means that another program is using InnoDB's files. This might be a backup or antivirus software or another instance of MySQL. Please close it to get rid of this error.
2026-03-30 18:02:03 0 [ERROR] InnoDB: Operating system error number 32 in a file operation.
2026-03-30 18:02:03 0 [ERROR] InnoDB: The error means that another program is using InnoDB's files. This might be a backup or antivirus software or another instance of MySQL. Please close it to get rid of this error.
2026-03-30 18:02:13 0 [ERROR] InnoDB: Operating system error number 32 in a file operation.
2026-03-30 18:02:13 0 [ERROR] InnoDB: The error means that another program is using InnoDB's files. This might be a backup or antivirus software or another instance of MySQL. Please close it to get rid of this error.
2026-03-30 18:02:23 0 [ERROR] InnoDB: Operating system error number 32 in a file operation.
2026-03-30 18:02:23 0 [ERROR] InnoDB: The error means that another program is using InnoDB's files. This might be a backup or antivirus software or another instance of MySQL. Please close it to get rid of this error.
2026-03-30 18:02:33 0 [ERROR] InnoDB: Operating system error number 32 in a file operation.
2026-03-30 18:02:33 0 [ERROR] InnoDB: The error means that another program is using InnoDB's files. This might be a backup or antivirus software or another instance of MySQL. Please close it to get rid of this error.
2026-03-30 18:02:43 0 [ERROR] InnoDB: Operating system error number 32 in a file operation.
2026-03-30 18:02:43 0 [ERROR] InnoDB: The error means that another program is using InnoDB's files. This might be a backup or antivirus software or another instance of MySQL. Please close it to get rid of this error.
2026-03-30 18:02:53 0 [ERROR] InnoDB: Operating system error number 32 in a file operation.
2026-03-30 18:02:53 0 [ERROR] InnoDB: The error means that another program is using InnoDB's files. This might be a backup or antivirus software or another instance of MySQL. Please close it to get rid of this error.
2026-03-30 18:03:03 0 [ERROR] InnoDB: Operating system error number 32 in a file operation.
2026-03-30 18:03:03 0 [ERROR] InnoDB: The error means that another program is using InnoDB's files. This might be a backup or antivirus software or another instance of MySQL. Please close it to get rid of this error.
2026-03-30 18:03:13 0 [ERROR] InnoDB: Operating system error number 32 in a file operation.
2026-03-30 18:03:13 0 [ERROR] InnoDB: The error means that another program is using InnoDB's files. This might be a backup or antivirus software or another instance of MySQL. Please close it to get rid of this error.
2026-03-30 18:03:23 0 [ERROR] InnoDB: Operating system error number 32 in a file operation.
2026-03-30 18:03:23 0 [ERROR] InnoDB: The error means that another program is using InnoDB's files. This might be a backup or antivirus software or another instance of MySQL. Please close it to get rid of this error.
2026-03-30 18:03:33 0 [ERROR] InnoDB: Operating system error number 32 in a file operation.
2026-03-30 18:03:33 0 [ERROR] InnoDB: The error means that another program is using InnoDB's files. This might be a backup or antivirus software or another instance of MySQL. Please close it to get rid of this error.
2026-03-30 18:03:43 0 [ERROR] InnoDB: Operating system error number 32 in a file operation.
2026-03-30 18:03:43 0 [ERROR] InnoDB: The error means that another program is using InnoDB's files. This might be a backup or antivirus software or another instance of MySQL. Please close it to get rid of this error.
2026-03-30 18:03:53 0 [ERROR] InnoDB: Operating system error number 32 in a file operation.
2026-03-30 18:03:53 0 [ERROR] InnoDB: The error means that another program is using InnoDB's files. This might be a backup or antivirus software or another instance of MySQL. Please close it to get rid of this error.
2026-03-30 18:04:03 0 [ERROR] InnoDB: Operating system error number 32 in a file operation.
2026-03-30 18:04:03 0 [ERROR] InnoDB: The error means that another program is using InnoDB's files. This might be a backup or antivirus software or another instance of MySQL. Please close it to get rid of this error.
2026-03-30 18:04:13 0 [ERROR] InnoDB: Operating system error number 32 in a file operation.
2026-03-30 18:04:13 0 [ERROR] InnoDB: The error means that another program is using InnoDB's files. This might be a backup or antivirus software or another instance of MySQL. Please close it to get rid of this error.
2026-03-30 18:04:23 0 [ERROR] InnoDB: Operating system error number 32 in a file operation.
2026-03-30 18:04:23 0 [ERROR] InnoDB: The error means that another program is using InnoDB's files. This might be a backup or antivirus software or another instance of MySQL. Please close it to get rid of this error.
2026-03-30 18:04:34 0 [ERROR] InnoDB: Operating system error number 32 in a file operation.
2026-03-30 18:04:34 0 [ERROR] InnoDB: The error means that another program is using InnoDB's files. This might be a backup or antivirus software or another instance of MySQL. Please close it to get rid of this error.
2026-03-30 18:04:44 0 [ERROR] InnoDB: Operating system error number 32 in a file operation.
2026-03-30 18:04:44 0 [ERROR] InnoDB: The error means that another program is using InnoDB's files. This might be a backup or antivirus software or another instance of MySQL. Please close it to get rid of this error.
2026-03-30 18:04:54 0 [ERROR] InnoDB: Operating system error number 32 in a file operation.
2026-03-30 18:04:54 0 [ERROR] InnoDB: The error means that another program is using InnoDB's files. This might be a backup or antivirus software or another instance of MySQL. Please close it to get rid of this error.
2026-03-30 18:05:04 0 [ERROR] InnoDB: Operating system error number 32 in a file operation.
2026-03-30 18:05:04 0 [ERROR] InnoDB: The error means that another program is using InnoDB's files. This might be a backup or antivirus software or another instance of MySQL. Please close it to get rid of this error.
2026-03-30 18:05:14 0 [ERROR] InnoDB: Operating system error number 32 in a file operation.
2026-03-30 18:05:14 0 [ERROR] InnoDB: The error means that another program is using InnoDB's files. This might be a backup or antivirus software or another instance of MySQL. Please close it to get rid of this error.
2026-03-30 18:05:24 0 [ERROR] InnoDB: Operating system error number 32 in a file operation.
2026-03-30 18:05:24 0 [ERROR] InnoDB: The error means that another program is using InnoDB's files. This might be a backup or antivirus software or another instance of MySQL. Please close it to get rid of this error.
2026-03-30 18:05:34 0 [ERROR] InnoDB: Operating system error number 32 in a file operation.
2026-03-30 18:05:34 0 [ERROR] InnoDB: The error means that another program is using InnoDB's files. This might be a backup or antivirus software or another instance of MySQL. Please close it to get rid of this error.
2026-03-30 18:05:44 0 [ERROR] InnoDB: Operating system error number 32 in a file operation.
2026-03-30 18:05:44 0 [ERROR] InnoDB: The error means that another program is using InnoDB's files. This might be a backup or antivirus software or another instance of MySQL. Please close it to get rid of this error.
2026-03-30 18:05:54 0 [ERROR] InnoDB: Operating system error number 32 in a file operation.
2026-03-30 18:05:54 0 [ERROR] InnoDB: The error means that another program is using InnoDB's files. This might be a backup or antivirus software or another instance of MySQL. Please close it to get rid of this error.
2026-03-30 18:06:04 0 [ERROR] InnoDB: Operating system error number 32 in a file operation.
2026-03-30 18:06:04 0 [ERROR] InnoDB: The error means that another program is using InnoDB's files. This might be a backup or antivirus software or another instance of MySQL. Please close it to get rid of this error.
2026-03-30 18:06:14 0 [ERROR] InnoDB: Operating system error number 32 in a file operation.
2026-03-30 18:06:14 0 [ERROR] InnoDB: The error means that another program is using InnoDB's files. This might be a backup or antivirus software or another instance of MySQL. Please close it to get rid of this error.
2026-03-30 18:06:24 0 [ERROR] InnoDB: Operating system error number 32 in a file operation.
2026-03-30 18:06:24 0 [ERROR] InnoDB: The error means that another program is using InnoDB's files. This might be a backup or antivirus software or another instance of MySQL. Please close it to get rid of this error.
2026-03-30 18:06:34 0 [ERROR] InnoDB: Operating system error number 32 in a file operation.
2026-03-30 18:06:34 0 [ERROR] InnoDB: The error means that another program is using InnoDB's files. This might be a backup or antivirus software or another instance of MySQL. Please close it to get rid of this error.
2026-03-30 18:06:44 0 [ERROR] InnoDB: Operating system error number 32 in a file operation.
2026-03-30 18:06:44 0 [ERROR] InnoDB: The error means that another program is using InnoDB's files. This might be a backup or antivirus software or another instance of MySQL. Please close it to get rid of this error.
2026-03-30 18:06:54 0 [ERROR] InnoDB: Operating system error number 32 in a file operation.
2026-03-30 18:06:54 0 [ERROR] InnoDB: The error means that another program is using InnoDB's files. This might be a backup or antivirus software or another instance of MySQL. Please close it to get rid of this error.
2026-03-30 18:07:04 0 [ERROR] InnoDB: Operating system error number 32 in a file operation.
2026-03-30 18:07:04 0 [ERROR] InnoDB: The error means that another program is using InnoDB's files. This might be a backup or antivirus software or another instance of MySQL. Please close it to get rid of this error.
2026-03-30 18:07:14 0 [ERROR] InnoDB: Operating system error number 32 in a file operation.
2026-03-30 18:07:14 0 [ERROR] InnoDB: The error means that another program is using InnoDB's files. This might be a backup or antivirus software or another instance of MySQL. Please close it to get rid of this error.
2026-03-30 18:07:24 0 [ERROR] InnoDB: Operating system error number 32 in a file operation.
2026-03-30 18:07:24 0 [ERROR] InnoDB: The error means that another program is using InnoDB's files. This might be a backup or antivirus software or another instance of MySQL. Please close it to get rid of this error.
2026-03-30 18:07:34 0 [ERROR] InnoDB: Operating system error number 32 in a file operation.
2026-03-30 18:07:34 0 [ERROR] InnoDB: The error means that another program is using InnoDB's files. This might be a backup or antivirus software or another instance of MySQL. Please close it to get rid of this error.
2026-03-30 18:07:44 0 [ERROR] InnoDB: Operating system error number 32 in a file operation.
2026-03-30 18:07:44 0 [ERROR] InnoDB: The error means that another program is using InnoDB's files. This might be a backup or antivirus software or another instance of MySQL. Please close it to get rid of this error.
2026-03-30 18:07:54 0 [ERROR] InnoDB: Operating system error number 32 in a file operation.
2026-03-30 18:07:54 0 [ERROR] InnoDB: The error means that another program is using InnoDB's files. This might be a backup or antivirus software or another instance of MySQL. Please close it to get rid of this error.
2026-03-30 18:08:04 0 [ERROR] InnoDB: Operating system error number 32 in a file operation.
2026-03-30 18:08:04 0 [ERROR] InnoDB: The error means that another program is using InnoDB's files. This might be a backup or antivirus software or another instance of MySQL. Please close it to get rid of this error.
2026-03-30 18:08:14 0 [ERROR] InnoDB: Operating system error number 32 in a file operation.
2026-03-30 18:08:14 0 [ERROR] InnoDB: The error means that another program is using InnoDB's files. This might be a backup or antivirus software or another instance of MySQL. Please close it to get rid of this error.
2026-03-30 18:08:24 0 [ERROR] InnoDB: Operating system error number 32 in a file operation.
2026-03-30 18:08:24 0 [ERROR] InnoDB: The error means that another program is using InnoDB's files. This might be a backup or antivirus software or another instance of MySQL. Please close it to get rid of this error.
2026-03-30 18:08:34 0 [ERROR] InnoDB: Operating system error number 32 in a file operation.
2026-03-30 18:08:34 0 [ERROR] InnoDB: The error means that another program is using InnoDB's files. This might be a backup or antivirus software or another instance of MySQL. Please close it to get rid of this error.
2026-03-30 18:08:44 0 [ERROR] InnoDB: Operating system error number 32 in a file operation.
2026-03-30 18:08:44 0 [ERROR] InnoDB: The error means that another program is using InnoDB's files. This might be a backup or antivirus software or another instance of MySQL. Please close it to get rid of this error.
2026-03-30 18:08:54 0 [ERROR] InnoDB: Operating system error number 32 in a file operation.
2026-03-30 18:08:54 0 [ERROR] InnoDB: The error means that another program is using InnoDB's files. This might be a backup or antivirus software or another instance of MySQL. Please close it to get rid of this error.
2026-03-30 18:09:04 0 [ERROR] InnoDB: Operating system error number 32 in a file operation.
2026-03-30 18:09:04 0 [ERROR] InnoDB: The error means that another program is using InnoDB's files. This might be a backup or antivirus software or another instance of MySQL. Please close it to get rid of this error.
2026-03-30 18:09:14 0 [ERROR] InnoDB: Operating system error number 32 in a file operation.
2026-03-30 18:09:14 0 [ERROR] InnoDB: The error means that another program is using InnoDB's files. This might be a backup or antivirus software or another instance of MySQL. Please close it to get rid of this error.
2026-03-30 18:09:24 0 [ERROR] InnoDB: Operating system error number 32 in a file operation.
2026-03-30 18:09:24 0 [ERROR] InnoDB: The error means that another program is using InnoDB's files. This might be a backup or antivirus software or another instance of MySQL. Please close it to get rid of this error.
2026-03-30 18:09:34 0 [ERROR] InnoDB: Operating system error number 32 in a file operation.
2026-03-30 18:09:34 0 [ERROR] InnoDB: The error means that another program is using InnoDB's files. This might be a backup or antivirus software or another instance of MySQL. Please close it to get rid of this error.
2026-03-30 18:09:44 0 [ERROR] InnoDB: Operating system error number 32 in a file operation.
2026-03-30 18:09:44 0 [ERROR] InnoDB: The error means that another program is using InnoDB's files. This might be a backup or antivirus software or another instance of MySQL. Please close it to get rid of this error.
2026-03-30 18:09:54 0 [ERROR] InnoDB: Operating system error number 32 in a file operation.
2026-03-30 18:09:54 0 [ERROR] InnoDB: The error means that another program is using InnoDB's files. This might be a backup or antivirus software or another instance of MySQL. Please close it to get rid of this error.
2026-03-30 18:10:04 0 [ERROR] InnoDB: Operating system error number 32 in a file operation.
2026-03-30 18:10:04 0 [ERROR] InnoDB: The error means that another program is using InnoDB's files. This might be a backup or antivirus software or another instance of MySQL. Please close it to get rid of this error.
2026-03-30 18:10:14 0 [ERROR] InnoDB: Operating system error number 32 in a file operation.
2026-03-30 18:10:14 0 [ERROR] InnoDB: The error means that another program is using InnoDB's files. This might be a backup or antivirus software or another instance of MySQL. Please close it to get rid of this error.
2026-03-30 18:10:24 0 [ERROR] InnoDB: Operating system error number 32 in a file operation.
2026-03-30 18:10:24 0 [ERROR] InnoDB: The error means that another program is using InnoDB's files. This might be a backup or antivirus software or another instance of MySQL. Please close it to get rid of this error.
2026-03-30 18:10:34 0 [ERROR] InnoDB: Operating system error number 32 in a file operation.
2026-03-30 18:10:34 0 [ERROR] InnoDB: The error means that another program is using InnoDB's files. This might be a backup or antivirus software or another instance of MySQL. Please close it to get rid of this error.
2026-03-30 18:10:44 0 [ERROR] InnoDB: Operating system error number 32 in a file operation.
2026-03-30 18:10:44 0 [ERROR] InnoDB: The error means that another program is using InnoDB's files. This might be a backup or antivirus software or another instance of MySQL. Please close it to get rid of this error.
2026-03-30 18:10:54 0 [ERROR] InnoDB: Operating system error number 32 in a file operation.
2026-03-30 18:10:54 0 [ERROR] InnoDB: The error means that another program is using InnoDB's files. This might be a backup or antivirus software or another instance of MySQL. Please close it to get rid of this error.
2026-03-30 18:11:04 0 [ERROR] InnoDB: Operating system error number 32 in a file operation.
2026-03-30 18:11:04 0 [ERROR] InnoDB: The error means that another program is using InnoDB's files. This might be a backup or antivirus software or another instance of MySQL. Please close it to get rid of this error.
2026-03-30 18:11:14 0 [ERROR] InnoDB: Operating system error number 32 in a file operation.
2026-03-30 18:11:14 0 [ERROR] InnoDB: The error means that another program is using InnoDB's files. This might be a backup or antivirus software or another instance of MySQL. Please close it to get rid of this error.
2026-03-30 18:11:24 0 [ERROR] InnoDB: Operating system error number 32 in a file operation.
2026-03-30 18:11:24 0 [ERROR] InnoDB: The error means that another program is using InnoDB's files. This might be a backup or antivirus software or another instance of MySQL. Please close it to get rid of this error.
2026-03-30 18:11:34 0 [ERROR] InnoDB: Operating system error number 32 in a file operation.
2026-03-30 18:11:34 0 [ERROR] InnoDB: The error means that another program is using InnoDB's files. This might be a backup or antivirus software or another instance of MySQL. Please close it to get rid of this error.
2026-03-30 18:11:44 0 [ERROR] InnoDB: Operating system error number 32 in a file operation.
2026-03-30 18:11:44 0 [ERROR] InnoDB: The error means that another program is using InnoDB's files. This might be a backup or antivirus software or another instance of MySQL. Please close it to get rid of this error.
2026-03-30 18:11:54 0 [ERROR] InnoDB: Operating system error number 32 in a file operation.
2026-03-30 18:11:54 0 [ERROR] InnoDB: The error means that another program is using InnoDB's files. This might be a backup or antivirus software or another instance of MySQL. Please close it to get rid of this error.
2026-03-30 18:12:05 0 [ERROR] InnoDB: Operating system error number 32 in a file operation.
2026-03-30 18:12:05 0 [ERROR] InnoDB: The error means that another program is using InnoDB's files. This might be a backup or antivirus software or another instance of MySQL. Please close it to get rid of this error.
2026-03-30 18:12:15 0 [ERROR] InnoDB: Operating system error number 32 in a file operation.
2026-03-30 18:12:15 0 [ERROR] InnoDB: The error means that another program is using InnoDB's files. This might be a backup or antivirus software or another instance of MySQL. Please close it to get rid of this error.
2026-03-30 18:12:25 0 [ERROR] InnoDB: Operating system error number 32 in a file operation.
2026-03-30 18:12:25 0 [ERROR] InnoDB: The error means that another program is using InnoDB's files. This might be a backup or antivirus software or another instance of MySQL. Please close it to get rid of this error.
2026-03-30 18:12:35 0 [ERROR] InnoDB: Operating system error number 32 in a file operation.
2026-03-30 18:12:35 0 [ERROR] InnoDB: The error means that another program is using InnoDB's files. This might be a backup or antivirus software or another instance of MySQL. Please close it to get rid of this error.
2026-03-30 18:12:45 0 [ERROR] InnoDB: Operating system error number 32 in a file operation.
2026-03-30 18:12:45 0 [ERROR] InnoDB: The error means that another program is using InnoDB's files. This might be a backup or antivirus software or another instance of MySQL. Please close it to get rid of this error.
2026-03-30 18:12:55 0 [ERROR] InnoDB: Operating system error number 32 in a file operation.
2026-03-30 18:12:55 0 [ERROR] InnoDB: The error means that another program is using InnoDB's files. This might be a backup or antivirus software or another instance of MySQL. Please close it to get rid of this error.
2026-03-30 18:13:05 0 [ERROR] InnoDB: Operating system error number 32 in a file operation.
2026-03-30 18:13:05 0 [ERROR] InnoDB: The error means that another program is using InnoDB's files. This might be a backup or antivirus software or another instance of MySQL. Please close it to get rid of this error.
2026-03-30 18:13:15 0 [ERROR] InnoDB: Operating system error number 32 in a file operation.
2026-03-30 18:13:15 0 [ERROR] InnoDB: The error means that another program is using InnoDB's files. This might be a backup or antivirus software or another instance of MySQL. Please close it to get rid of this error.
2026-03-30 18:13:25 0 [ERROR] InnoDB: Operating system error number 32 in a file operation.
2026-03-30 18:13:25 0 [ERROR] InnoDB: The error means that another program is using InnoDB's files. This might be a backup or antivirus software or another instance of MySQL. Please close it to get rid of this error.
2026-03-30 18:13:35 0 [ERROR] InnoDB: Operating system error number 32 in a file operation.
2026-03-30 18:13:35 0 [ERROR] InnoDB: The error means that another program is using InnoDB's files. This might be a backup or antivirus software or another instance of MySQL. Please close it to get rid of this error.
2026-03-30 18:13:45 0 [ERROR] InnoDB: Operating system error number 32 in a file operation.
2026-03-30 18:13:45 0 [ERROR] InnoDB: The error means that another program is using InnoDB's files. This might be a backup or antivirus software or another instance of MySQL. Please close it to get rid of this error.
2026-03-30 18:13:55 0 [ERROR] InnoDB: Operating system error number 32 in a file operation.
2026-03-30 18:13:55 0 [ERROR] InnoDB: The error means that another program is using InnoDB's files. This might be a backup or antivirus software or another instance of MySQL. Please close it to get rid of this error.
2026-03-30 18:14:05 0 [ERROR] InnoDB: Operating system error number 32 in a file operation.
2026-03-30 18:14:05 0 [ERROR] InnoDB: The error means that another program is using InnoDB's files. This might be a backup or antivirus software or another instance of MySQL. Please close it to get rid of this error.
2026-03-30 18:14:15 0 [ERROR] InnoDB: Operating system error number 32 in a file operation.
2026-03-30 18:14:15 0 [ERROR] InnoDB: The error means that another program is using InnoDB's files. This might be a backup or antivirus software or another instance of MySQL. Please close it to get rid of this error.
2026-03-30 18:14:25 0 [ERROR] InnoDB: Operating system error number 32 in a file operation.
2026-03-30 18:14:25 0 [ERROR] InnoDB: The error means that another program is using InnoDB's files. This might be a backup or antivirus software or another instance of MySQL. Please close it to get rid of this error.
2026-03-30 18:14:35 0 [ERROR] InnoDB: Operating system error number 32 in a file operation.
2026-03-30 18:14:35 0 [ERROR] InnoDB: The error means that another program is using InnoDB's files. This might be a backup or antivirus software or another instance of MySQL. Please close it to get rid of this error.
2026-03-30 18:14:45 0 [ERROR] InnoDB: Operating system error number 32 in a file operation.
2026-03-30 18:14:45 0 [ERROR] InnoDB: The error means that another program is using InnoDB's files. This might be a backup or antivirus software or another instance of MySQL. Please close it to get rid of this error.
2026-03-30 18:14:55 0 [ERROR] InnoDB: Operating system error number 32 in a file operation.
2026-03-30 18:14:55 0 [ERROR] InnoDB: The error means that another program is using InnoDB's files. This might be a backup or antivirus software or another instance of MySQL. Please close it to get rid of this error.
2026-03-30 18:15:05 0 [ERROR] InnoDB: Operating system error number 32 in a file operation.
2026-03-30 18:15:05 0 [ERROR] InnoDB: The error means that another program is using InnoDB's files. This might be a backup or antivirus software or another instance of MySQL. Please close it to get rid of this error.
2026-03-30 18:15:15 0 [ERROR] InnoDB: Operating system error number 32 in a file operation.
2026-03-30 18:15:15 0 [ERROR] InnoDB: The error means that another program is using InnoDB's files. This might be a backup or antivirus software or another instance of MySQL. Please close it to get rid of this error.
2026-03-30 18:15:25 0 [ERROR] InnoDB: Operating system error number 32 in a file operation.
2026-03-30 18:15:25 0 [ERROR] InnoDB: The error means that another program is using InnoDB's files. This might be a backup or antivirus software or another instance of MySQL. Please close it to get rid of this error.
2026-03-30 18:15:35 0 [ERROR] InnoDB: Operating system error number 32 in a file operation.
2026-03-30 18:15:35 0 [ERROR] InnoDB: The error means that another program is using InnoDB's files. This might be a backup or antivirus software or another instance of MySQL. Please close it to get rid of this error.
2026-03-30 18:15:45 0 [ERROR] InnoDB: Operating system error number 32 in a file operation.
2026-03-30 18:15:45 0 [ERROR] InnoDB: The error means that another program is using InnoDB's files. This might be a backup or antivirus software or another instance of MySQL. Please close it to get rid of this error.
2026-03-30 18:15:55 0 [ERROR] InnoDB: Operating system error number 32 in a file operation.
2026-03-30 18:15:55 0 [ERROR] InnoDB: The error means that another program is using InnoDB's files. This might be a backup or antivirus software or another instance of MySQL. Please close it to get rid of this error.
2026-03-30 18:16:05 0 [ERROR] InnoDB: Operating system error number 32 in a file operation.
2026-03-30 18:16:05 0 [ERROR] InnoDB: The error means that another program is using InnoDB's files. This might be a backup or antivirus software or another instance of MySQL. Please close it to get rid of this error.
2026-03-30 18:16:15 0 [ERROR] InnoDB: Operating system error number 32 in a file operation.
2026-03-30 18:16:15 0 [ERROR] InnoDB: The error means that another program is using InnoDB's files. This might be a backup or antivirus software or another instance of MySQL. Please close it to get rid of this error.
2026-03-30 18:16:25 0 [ERROR] InnoDB: Operating system error number 32 in a file operation.
2026-03-30 18:16:25 0 [ERROR] InnoDB: The error means that another program is using InnoDB's files. This might be a backup or antivirus software or another instance of MySQL. Please close it to get rid of this error.
2026-03-30 18:16:35 0 [ERROR] InnoDB: Operating system error number 32 in a file operation.
2026-03-30 18:16:35 0 [ERROR] InnoDB: The error means that another program is using InnoDB's files. This might be a backup or antivirus software or another instance of MySQL. Please close it to get rid of this error.
2026-03-30 18:16:45 0 [ERROR] InnoDB: Operating system error number 32 in a file operation.
2026-03-30 18:16:45 0 [ERROR] InnoDB: The error means that another program is using InnoDB's files. This might be a backup or antivirus software or another instance of MySQL. Please close it to get rid of this error.
2026-03-30 18:16:55 0 [ERROR] InnoDB: Operating system error number 32 in a file operation.
2026-03-30 18:16:55 0 [ERROR] InnoDB: The error means that another program is using InnoDB's files. This might be a backup or antivirus software or another instance of MySQL. Please close it to get rid of this error.
2026-03-30 18:17:05 0 [ERROR] InnoDB: Operating system error number 32 in a file operation.
2026-03-30 18:17:05 0 [ERROR] InnoDB: The error means that another program is using InnoDB's files. This might be a backup or antivirus software or another instance of MySQL. Please close it to get rid of this error.
2026-03-30 18:17:15 0 [ERROR] InnoDB: Operating system error number 32 in a file operation.
2026-03-30 18:17:15 0 [ERROR] InnoDB: The error means that another program is using InnoDB's files. This might be a backup or antivirus software or another instance of MySQL. Please close it to get rid of this error.
2026-03-30 18:17:25 0 [ERROR] InnoDB: Operating system error number 32 in a file operation.
2026-03-30 18:17:25 0 [ERROR] InnoDB: The error means that another program is using InnoDB's files. This might be a backup or antivirus software or another instance of MySQL. Please close it to get rid of this error.
2026-03-30 18:17:35 0 [ERROR] InnoDB: Operating system error number 32 in a file operation.
2026-03-30 18:17:35 0 [ERROR] InnoDB: The error means that another program is using InnoDB's files. This might be a backup or antivirus software or another instance of MySQL. Please close it to get rid of this error.
2026-03-30 18:17:45 0 [ERROR] InnoDB: Operating system error number 32 in a file operation.
2026-03-30 18:17:45 0 [ERROR] InnoDB: The error means that another program is using InnoDB's files. This might be a backup or antivirus software or another instance of MySQL. Please close it to get rid of this error.
2026-03-30 18:17:55 0 [ERROR] InnoDB: Operating system error number 32 in a file operation.
2026-03-30 18:17:55 0 [ERROR] InnoDB: The error means that another program is using InnoDB's files. This might be a backup or antivirus software or another instance of MySQL. Please close it to get rid of this error.
2026-03-30 18:18:05 0 [ERROR] InnoDB: Operating system error number 32 in a file operation.
2026-03-30 18:18:05 0 [ERROR] InnoDB: The error means that another program is using InnoDB's files. This might be a backup or antivirus software or another instance of MySQL. Please close it to get rid of this error.
2026-03-30 18:18:15 0 [ERROR] InnoDB: Operating system error number 32 in a file operation.
2026-03-30 18:18:15 0 [ERROR] InnoDB: The error means that another program is using InnoDB's files. This might be a backup or antivirus software or another instance of MySQL. Please close it to get rid of this error.
2026-03-30 18:18:25 0 [ERROR] InnoDB: Operating system error number 32 in a file operation.
2026-03-30 18:18:25 0 [ERROR] InnoDB: The error means that another program is using InnoDB's files. This might be a backup or antivirus software or another instance of MySQL. Please close it to get rid of this error.
2026-03-30 18:18:35 0 [ERROR] InnoDB: Operating system error number 32 in a file operation.
2026-03-30 18:18:35 0 [ERROR] InnoDB: The error means that another program is using InnoDB's files. This might be a backup or antivirus software or another instance of MySQL. Please close it to get rid of this error.
2026-03-30 18:18:45 0 [ERROR] InnoDB: Operating system error number 32 in a file operation.
2026-03-30 18:18:45 0 [ERROR] InnoDB: The error means that another program is using InnoDB's files. This might be a backup or antivirus software or another instance of MySQL. Please close it to get rid of this error.
2026-03-30 18:18:55 0 [ERROR] InnoDB: Operating system error number 32 in a file operation.
2026-03-30 18:18:55 0 [ERROR] InnoDB: The error means that another program is using InnoDB's files. This might be a backup or antivirus software or another instance of MySQL. Please close it to get rid of this error.
2026-03-30 18:19:05 0 [ERROR] InnoDB: Operating system error number 32 in a file operation.
2026-03-30 18:19:05 0 [ERROR] InnoDB: The error means that another program is using InnoDB's files. This might be a backup or antivirus software or another instance of MySQL. Please close it to get rid of this error.
2026-03-30 18:19:15 0 [ERROR] InnoDB: Operating system error number 32 in a file operation.
2026-03-30 18:19:15 0 [ERROR] InnoDB: The error means that another program is using InnoDB's files. This might be a backup or antivirus software or another instance of MySQL. Please close it to get rid of this error.
2026-03-30 18:19:25 0 [ERROR] InnoDB: Operating system error number 32 in a file operation.
2026-03-30 18:19:25 0 [ERROR] InnoDB: The error means that another program is using InnoDB's files. This might be a backup or antivirus software or another instance of MySQL. Please close it to get rid of this error.
2026-03-30 18:19:35 0 [ERROR] InnoDB: Operating system error number 32 in a file operation.
2026-03-30 18:19:35 0 [ERROR] InnoDB: The error means that another program is using InnoDB's files. This might be a backup or antivirus software or another instance of MySQL. Please close it to get rid of this error.
2026-03-30 18:19:45 0 [ERROR] InnoDB: Operating system error number 32 in a file operation.
2026-03-30 18:19:45 0 [ERROR] InnoDB: The error means that another program is using InnoDB's files. This might be a backup or antivirus software or another instance of MySQL. Please close it to get rid of this error.
2026-03-30 18:19:55 0 [ERROR] InnoDB: Operating system error number 32 in a file operation.
2026-03-30 18:19:55 0 [ERROR] InnoDB: The error means that another program is using InnoDB's files. This might be a backup or antivirus software or another instance of MySQL. Please close it to get rid of this error.
2026-03-30 18:20:05 0 [ERROR] InnoDB: Operating system error number 32 in a file operation.
2026-03-30 18:20:05 0 [ERROR] InnoDB: The error means that another program is using InnoDB's files. This might be a backup or antivirus software or another instance of MySQL. Please close it to get rid of this error.
2026-03-30 18:20:15 0 [ERROR] InnoDB: Operating system error number 32 in a file operation.
2026-03-30 18:20:15 0 [ERROR] InnoDB: The error means that another program is using InnoDB's files. This might be a backup or antivirus software or another instance of MySQL. Please close it to get rid of this error.
2026-03-30 18:20:25 0 [ERROR] InnoDB: Operating system error number 32 in a file operation.
2026-03-30 18:20:25 0 [ERROR] InnoDB: The error means that another program is using InnoDB's files. This might be a backup or antivirus software or another instance of MySQL. Please close it to get rid of this error.
2026-03-30 18:20:35 0 [ERROR] InnoDB: Operating system error number 32 in a file operation.
2026-03-30 18:20:35 0 [ERROR] InnoDB: The error means that another program is using InnoDB's files. This might be a backup or antivirus software or another instance of MySQL. Please close it to get rid of this error.
2026-03-30 18:20:45 0 [ERROR] InnoDB: Operating system error number 32 in a file operation.
2026-03-30 18:20:45 0 [ERROR] InnoDB: The error means that another program is using InnoDB's files. This might be a backup or antivirus software or another instance of MySQL. Please close it to get rid of this error.
2026-03-30 18:20:55 0 [ERROR] InnoDB: Operating system error number 32 in a file operation.
2026-03-30 18:20:55 0 [ERROR] InnoDB: The error means that another program is using InnoDB's files. This might be a backup or antivirus software or another instance of MySQL. Please close it to get rid of this error.
2026-03-30 18:21:05 0 [ERROR] InnoDB: Operating system error number 32 in a file operation.
2026-03-30 18:21:05 0 [ERROR] InnoDB: The error means that another program is using InnoDB's files. This might be a backup or antivirus software or another instance of MySQL. Please close it to get rid of this error.
2026-03-30 18:21:16 0 [ERROR] InnoDB: Operating system error number 32 in a file operation.
2026-03-30 18:21:16 0 [ERROR] InnoDB: The error means that another program is using InnoDB's files. This might be a backup or antivirus software or another instance of MySQL. Please close it to get rid of this error.
2026-03-30 18:21:26 0 [ERROR] InnoDB: Operating system error number 32 in a file operation.
2026-03-30 18:21:26 0 [ERROR] InnoDB: The error means that another program is using InnoDB's files. This might be a backup or antivirus software or another instance of MySQL. Please close it to get rid of this error.
2026-03-30 18:21:36 0 [ERROR] InnoDB: Operating system error number 32 in a file operation.
2026-03-30 18:21:36 0 [ERROR] InnoDB: The error means that another program is using InnoDB's files. This might be a backup or antivirus software or another instance of MySQL. Please close it to get rid of this error.
2026-03-30 18:21:46 0 [ERROR] InnoDB: Operating system error number 32 in a file operation.
2026-03-30 18:21:46 0 [ERROR] InnoDB: The error means that another program is using InnoDB's files. This might be a backup or antivirus software or another instance of MySQL. Please close it to get rid of this error.
2026-03-30 18:21:56 0 [ERROR] InnoDB: Operating system error number 32 in a file operation.
2026-03-30 18:21:56 0 [ERROR] InnoDB: The error means that another program is using InnoDB's files. This might be a backup or antivirus software or another instance of MySQL. Please close it to get rid of this error.
2026-03-30 18:22:06 0 [ERROR] InnoDB: Operating system error number 32 in a file operation.
2026-03-30 18:22:06 0 [ERROR] InnoDB: The error means that another program is using InnoDB's files. This might be a backup or antivirus software or another instance of MySQL. Please close it to get rid of this error.
2026-03-30 18:22:16 0 [ERROR] InnoDB: Operating system error number 32 in a file operation.
2026-03-30 18:22:16 0 [ERROR] InnoDB: The error means that another program is using InnoDB's files. This might be a backup or antivirus software or another instance of MySQL. Please close it to get rid of this error.
2026-03-30 18:22:26 0 [ERROR] InnoDB: Operating system error number 32 in a file operation.
2026-03-30 18:22:26 0 [ERROR] InnoDB: The error means that another program is using InnoDB's files. This might be a backup or antivirus software or another instance of MySQL. Please close it to get rid of this error.
2026-03-30 18:22:36 0 [ERROR] InnoDB: Operating system error number 32 in a file operation.
2026-03-30 18:22:36 0 [ERROR] InnoDB: The error means that another program is using InnoDB's files. This might be a backup or antivirus software or another instance of MySQL. Please close it to get rid of this error.
2026-03-30 18:22:46 0 [ERROR] InnoDB: Operating system error number 32 in a file operation.
2026-03-30 18:22:46 0 [ERROR] InnoDB: The error means that another program is using InnoDB's files. This might be a backup or antivirus software or another instance of MySQL. Please close it to get rid of this error.
2026-03-30 18:22:56 0 [ERROR] InnoDB: Operating system error number 32 in a file operation.
2026-03-30 18:22:56 0 [ERROR] InnoDB: The error means that another program is using InnoDB's files. This might be a backup or antivirus software or another instance of MySQL. Please close it to get rid of this error.
2026-03-30 18:23:06 0 [ERROR] InnoDB: Operating system error number 32 in a file operation.
2026-03-30 18:23:06 0 [ERROR] InnoDB: The error means that another program is using InnoDB's files. This might be a backup or antivirus software or another instance of MySQL. Please close it to get rid of this error.
2026-03-30 18:23:16 0 [ERROR] InnoDB: Operating system error number 32 in a file operation.
2026-03-30 18:23:16 0 [ERROR] InnoDB: The error means that another program is using InnoDB's files. This might be a backup or antivirus software or another instance of MySQL. Please close it to get rid of this error.
2026-03-30 18:23:26 0 [ERROR] InnoDB: Operating system error number 32 in a file operation.
2026-03-30 18:23:26 0 [ERROR] InnoDB: The error means that another program is using InnoDB's files. This might be a backup or antivirus software or another instance of MySQL. Please close it to get rid of this error.
2026-03-30 18:23:36 0 [ERROR] InnoDB: Operating system error number 32 in a file operation.
2026-03-30 18:23:36 0 [ERROR] InnoDB: The error means that another program is using InnoDB's files. This might be a backup or antivirus software or another instance of MySQL. Please close it to get rid of this error.
2026-03-30 18:23:46 0 [ERROR] InnoDB: Operating system error number 32 in a file operation.
2026-03-30 18:23:46 0 [ERROR] InnoDB: The error means that another program is using InnoDB's files. This might be a backup or antivirus software or another instance of MySQL. Please close it to get rid of this error.
2026-03-30 18:23:56 0 [ERROR] InnoDB: Operating system error number 32 in a file operation.
2026-03-30 18:23:56 0 [ERROR] InnoDB: The error means that another program is using InnoDB's files. This might be a backup or antivirus software or another instance of MySQL. Please close it to get rid of this error.
2026-03-30 18:24:06 0 [ERROR] InnoDB: Operating system error number 32 in a file operation.
2026-03-30 18:24:06 0 [ERROR] InnoDB: The error means that another program is using InnoDB's files. This might be a backup or antivirus software or another instance of MySQL. Please close it to get rid of this error.
2026-03-30 18:24:16 0 [ERROR] InnoDB: Operating system error number 32 in a file operation.
2026-03-30 18:24:16 0 [ERROR] InnoDB: The error means that another program is using InnoDB's files. This might be a backup or antivirus software or another instance of MySQL. Please close it to get rid of this error.
2026-03-30 18:24:26 0 [ERROR] InnoDB: Operating system error number 32 in a file operation.
2026-03-30 18:24:26 0 [ERROR] InnoDB: The error means that another program is using InnoDB's files. This might be a backup or antivirus software or another instance of MySQL. Please close it to get rid of this error.
2026-03-30 18:24:36 0 [ERROR] InnoDB: Operating system error number 32 in a file operation.
2026-03-30 18:24:36 0 [ERROR] InnoDB: The error means that another program is using InnoDB's files. This might be a backup or antivirus software or another instance of MySQL. Please close it to get rid of this error.
2026-03-30 18:24:46 0 [ERROR] InnoDB: Operating system error number 32 in a file operation.
2026-03-30 18:24:46 0 [ERROR] InnoDB: The error means that another program is using InnoDB's files. This might be a backup or antivirus software or another instance of MySQL. Please close it to get rid of this error.
2026-03-30 18:24:56 0 [ERROR] InnoDB: Operating system error number 32 in a file operation.
2026-03-30 18:24:56 0 [ERROR] InnoDB: The error means that another program is using InnoDB's files. This might be a backup or antivirus software or another instance of MySQL. Please close it to get rid of this error.
2026-03-30 18:25:06 0 [ERROR] InnoDB: Operating system error number 32 in a file operation.
2026-03-30 18:25:06 0 [ERROR] InnoDB: The error means that another program is using InnoDB's files. This might be a backup or antivirus software or another instance of MySQL. Please close it to get rid of this error.
2026-03-30 18:25:16 0 [ERROR] InnoDB: Operating system error number 32 in a file operation.
2026-03-30 18:25:16 0 [ERROR] InnoDB: The error means that another program is using InnoDB's files. This might be a backup or antivirus software or another instance of MySQL. Please close it to get rid of this error.
2026-03-30 18:25:26 0 [ERROR] InnoDB: Operating system error number 32 in a file operation.
2026-03-30 18:25:26 0 [ERROR] InnoDB: The error means that another program is using InnoDB's files. This might be a backup or antivirus software or another instance of MySQL. Please close it to get rid of this error.
2026-03-30 18:25:36 0 [ERROR] InnoDB: Operating system error number 32 in a file operation.
2026-03-30 18:25:36 0 [ERROR] InnoDB: The error means that another program is using InnoDB's files. This might be a backup or antivirus software or another instance of MySQL. Please close it to get rid of this error.
2026-03-30 18:25:46 0 [ERROR] InnoDB: Operating system error number 32 in a file operation.
2026-03-30 18:25:46 0 [ERROR] InnoDB: The error means that another program is using InnoDB's files. This might be a backup or antivirus software or another instance of MySQL. Please close it to get rid of this error.
2026-03-30 18:25:56 0 [ERROR] InnoDB: Operating system error number 32 in a file operation.
2026-03-30 18:25:56 0 [ERROR] InnoDB: The error means that another program is using InnoDB's files. This might be a backup or antivirus software or another instance of MySQL. Please close it to get rid of this error.
2026-03-30 18:26:06 0 [ERROR] InnoDB: Operating system error number 32 in a file operation.
2026-03-30 18:26:06 0 [ERROR] InnoDB: The error means that another program is using InnoDB's files. This might be a backup or antivirus software or another instance of MySQL. Please close it to get rid of this error.
2026-03-30 18:26:16 0 [ERROR] InnoDB: Operating system error number 32 in a file operation.
2026-03-30 18:26:16 0 [ERROR] InnoDB: The error means that another program is using InnoDB's files. This might be a backup or antivirus software or another instance of MySQL. Please close it to get rid of this error.
2026-03-30 18:26:26 0 [ERROR] InnoDB: Operating system error number 32 in a file operation.
2026-03-30 18:26:26 0 [ERROR] InnoDB: The error means that another program is using InnoDB's files. This might be a backup or antivirus software or another instance of MySQL. Please close it to get rid of this error.
2026-03-30 18:26:36 0 [ERROR] InnoDB: Operating system error number 32 in a file operation.
2026-03-30 18:26:36 0 [ERROR] InnoDB: The error means that another program is using InnoDB's files. This might be a backup or antivirus software or another instance of MySQL. Please close it to get rid of this error.
2026-03-30 18:26:46 0 [ERROR] InnoDB: Operating system error number 32 in a file operation.
2026-03-30 18:26:46 0 [ERROR] InnoDB: The error means that another program is using InnoDB's files. This might be a backup or antivirus software or another instance of MySQL. Please close it to get rid of this error.
2026-03-30 18:26:56 0 [ERROR] InnoDB: Operating system error number 32 in a file operation.
2026-03-30 18:26:56 0 [ERROR] InnoDB: The error means that another program is using InnoDB's files. This might be a backup or antivirus software or another instance of MySQL. Please close it to get rid of this error.
2026-03-30 18:27:06 0 [ERROR] InnoDB: Operating system error number 32 in a file operation.
2026-03-30 18:27:06 0 [ERROR] InnoDB: The error means that another program is using InnoDB's files. This might be a backup or antivirus software or another instance of MySQL. Please close it to get rid of this error.
2026-03-30 18:27:16 0 [ERROR] InnoDB: Operating system error number 32 in a file operation.
2026-03-30 18:27:16 0 [ERROR] InnoDB: The error means that another program is using InnoDB's files. This might be a backup or antivirus software or another instance of MySQL. Please close it to get rid of this error.
2026-03-30 18:27:26 0 [ERROR] InnoDB: Operating system error number 32 in a file operation.
2026-03-30 18:27:26 0 [ERROR] InnoDB: The error means that another program is using InnoDB's files. This might be a backup or antivirus software or another instance of MySQL. Please close it to get rid of this error.
2026-03-30 18:27:36 0 [ERROR] InnoDB: Operating system error number 32 in a file operation.
2026-03-30 18:27:36 0 [ERROR] InnoDB: The error means that another program is using InnoDB's files. This might be a backup or antivirus software or another instance of MySQL. Please close it to get rid of this error.
2026-03-30 18:27:46 0 [ERROR] InnoDB: Operating system error number 32 in a file operation.
2026-03-30 18:27:46 0 [ERROR] InnoDB: The error means that another program is using InnoDB's files. This might be a backup or antivirus software or another instance of MySQL. Please close it to get rid of this error.
2026-03-30 18:27:56 0 [ERROR] InnoDB: Operating system error number 32 in a file operation.
2026-03-30 18:27:56 0 [ERROR] InnoDB: The error means that another program is using InnoDB's files. This might be a backup or antivirus software or another instance of MySQL. Please close it to get rid of this error.
2026-03-30 18:28:06 0 [ERROR] InnoDB: Operating system error number 32 in a file operation.
2026-03-30 18:28:06 0 [ERROR] InnoDB: The error means that another program is using InnoDB's files. This might be a backup or antivirus software or another instance of MySQL. Please close it to get rid of this error.
2026-03-30 18:28:16 0 [ERROR] InnoDB: Operating system error number 32 in a file operation.
2026-03-30 18:28:16 0 [ERROR] InnoDB: The error means that another program is using InnoDB's files. This might be a backup or antivirus software or another instance of MySQL. Please close it to get rid of this error.
2026-03-30 18:28:26 0 [ERROR] InnoDB: Operating system error number 32 in a file operation.
2026-03-30 18:28:26 0 [ERROR] InnoDB: The error means that another program is using InnoDB's files. This might be a backup or antivirus software or another instance of MySQL. Please close it to get rid of this error.
2026-03-30 18:28:36 0 [ERROR] InnoDB: Operating system error number 32 in a file operation.
2026-03-30 18:28:36 0 [ERROR] InnoDB: The error means that another program is using InnoDB's files. This might be a backup or antivirus software or another instance of MySQL. Please close it to get rid of this error.
2026-03-30 18:28:46 0 [ERROR] InnoDB: Operating system error number 32 in a file operation.
2026-03-30 18:28:46 0 [ERROR] InnoDB: The error means that another program is using InnoDB's files. This might be a backup or antivirus software or another instance of MySQL. Please close it to get rid of this error.
2026-03-30 18:28:56 0 [ERROR] InnoDB: Operating system error number 32 in a file operation.
2026-03-30 18:28:56 0 [ERROR] InnoDB: The error means that another program is using InnoDB's files. This might be a backup or antivirus software or another instance of MySQL. Please close it to get rid of this error.
2026-03-30 18:29:06 0 [ERROR] InnoDB: Operating system error number 32 in a file operation.
2026-03-30 18:29:06 0 [ERROR] InnoDB: The error means that another program is using InnoDB's files. This might be a backup or antivirus software or another instance of MySQL. Please close it to get rid of this error.
2026-03-30 18:29:16 0 [ERROR] InnoDB: Operating system error number 32 in a file operation.
2026-03-30 18:29:16 0 [ERROR] InnoDB: The error means that another program is using InnoDB's files. This might be a backup or antivirus software or another instance of MySQL. Please close it to get rid of this error.
2026-03-30 18:29:26 0 [ERROR] InnoDB: Operating system error number 32 in a file operation.
2026-03-30 18:29:26 0 [ERROR] InnoDB: The error means that another program is using InnoDB's files. This might be a backup or antivirus software or another instance of MySQL. Please close it to get rid of this error.
2026-03-30 18:29:36 0 [ERROR] InnoDB: Operating system error number 32 in a file operation.
2026-03-30 18:29:36 0 [ERROR] InnoDB: The error means that another program is using InnoDB's files. This might be a backup or antivirus software or another instance of MySQL. Please close it to get rid of this error.
2026-03-30 18:29:46 0 [ERROR] InnoDB: Operating system error number 32 in a file operation.
2026-03-30 18:29:46 0 [ERROR] InnoDB: The error means that another program is using InnoDB's files. This might be a backup or antivirus software or another instance of MySQL. Please close it to get rid of this error.
2026-03-30 18:29:56 0 [ERROR] InnoDB: Operating system error number 32 in a file operation.
2026-03-30 18:29:56 0 [ERROR] InnoDB: The error means that another program is using InnoDB's files. This might be a backup or antivirus software or another instance of MySQL. Please close it to get rid of this error.
2026-03-30 18:30:06 0 [ERROR] InnoDB: Operating system error number 32 in a file operation.
2026-03-30 18:30:06 0 [ERROR] InnoDB: The error means that another program is using InnoDB's files. This might be a backup or antivirus software or another instance of MySQL. Please close it to get rid of this error.
2026-03-30 18:30:16 0 [ERROR] InnoDB: Operating system error number 32 in a file operation.
2026-03-30 18:30:16 0 [ERROR] InnoDB: The error means that another program is using InnoDB's files. This might be a backup or antivirus software or another instance of MySQL. Please close it to get rid of this error.
2026-03-30 18:30:26 0 [ERROR] InnoDB: Operating system error number 32 in a file operation.
2026-03-30 18:30:26 0 [ERROR] InnoDB: The error means that another program is using InnoDB's files. This might be a backup or antivirus software or another instance of MySQL. Please close it to get rid of this error.
2026-03-30 18:30:36 0 [ERROR] InnoDB: Operating system error number 32 in a file operation.
2026-03-30 18:30:36 0 [ERROR] InnoDB: The error means that another program is using InnoDB's files. This might be a backup or antivirus software or another instance of MySQL. Please close it to get rid of this error.
2026-03-30 18:30:46 0 [ERROR] InnoDB: Operating system error number 32 in a file operation.
2026-03-30 18:30:46 0 [ERROR] InnoDB: The error means that another program is using InnoDB's files. This might be a backup or antivirus software or another instance of MySQL. Please close it to get rid of this error.
2026-03-30 18:30:56 0 [ERROR] InnoDB: Operating system error number 32 in a file operation.
2026-03-30 18:30:56 0 [ERROR] InnoDB: The error means that another program is using InnoDB's files. This might be a backup or antivirus software or another instance of MySQL. Please close it to get rid of this error.
2026-03-30 18:31:06 0 [ERROR] InnoDB: Operating system error number 32 in a file operation.
2026-03-30 18:31:06 0 [ERROR] InnoDB: The error means that another program is using InnoDB's files. This might be a backup or antivirus software or another instance of MySQL. Please close it to get rid of this error.
2026-03-30 18:31:16 0 [ERROR] InnoDB: Operating system error number 32 in a file operation.
2026-03-30 18:31:16 0 [ERROR] InnoDB: The error means that another program is using InnoDB's files. This might be a backup or antivirus software or another instance of MySQL. Please close it to get rid of this error.
2026-03-30 18:31:26 0 [ERROR] InnoDB: Operating system error number 32 in a file operation.
2026-03-30 18:31:26 0 [ERROR] InnoDB: The error means that another program is using InnoDB's files. This might be a backup or antivirus software or another instance of MySQL. Please close it to get rid of this error.
2026-03-30 18:31:36 0 [ERROR] InnoDB: Operating system error number 32 in a file operation.
2026-03-30 18:31:36 0 [ERROR] InnoDB: The error means that another program is using InnoDB's files. This might be a backup or antivirus software or another instance of MySQL. Please close it to get rid of this error.
2026-03-30 18:31:46 0 [ERROR] InnoDB: Operating system error number 32 in a file operation.
2026-03-30 18:31:46 0 [ERROR] InnoDB: The error means that another program is using InnoDB's files. This might be a backup or antivirus software or another instance of MySQL. Please close it to get rid of this error.
2026-03-30 18:31:56 0 [ERROR] InnoDB: Operating system error number 32 in a file operation.
2026-03-30 18:31:56 0 [ERROR] InnoDB: The error means that another program is using InnoDB's files. This might be a backup or antivirus software or another instance of MySQL. Please close it to get rid of this error.
2026-03-30 18:32:06 0 [ERROR] InnoDB: Operating system error number 32 in a file operation.
2026-03-30 18:32:06 0 [ERROR] InnoDB: The error means that another program is using InnoDB's files. This might be a backup or antivirus software or another instance of MySQL. Please close it to get rid of this error.
2026-03-30 18:32:16 0 [ERROR] InnoDB: Operating system error number 32 in a file operation.
2026-03-30 18:32:16 0 [ERROR] InnoDB: The error means that another program is using InnoDB's files. This might be a backup or antivirus software or another instance of MySQL. Please close it to get rid of this error.
2026-03-30 18:32:26 0 [ERROR] InnoDB: Operating system error number 32 in a file operation.
2026-03-30 18:32:26 0 [ERROR] InnoDB: The error means that another program is using InnoDB's files. This might be a backup or antivirus software or another instance of MySQL. Please close it to get rid of this error.
2026-03-30 18:32:36 0 [ERROR] InnoDB: Operating system error number 32 in a file operation.
2026-03-30 18:32:36 0 [ERROR] InnoDB: The error means that another program is using InnoDB's files. This might be a backup or antivirus software or another instance of MySQL. Please close it to get rid of this error.
2026-03-30 18:32:46 0 [ERROR] InnoDB: Operating system error number 32 in a file operation.
2026-03-30 18:32:46 0 [ERROR] InnoDB: The error means that another program is using InnoDB's files. This might be a backup or antivirus software or another instance of MySQL. Please close it to get rid of this error.
2026-03-30 18:32:56 0 [ERROR] InnoDB: Operating system error number 32 in a file operation.
2026-03-30 18:32:56 0 [ERROR] InnoDB: The error means that another program is using InnoDB's files. This might be a backup or antivirus software or another instance of MySQL. Please close it to get rid of this error.
2026-03-30 18:33:06 0 [ERROR] InnoDB: Operating system error number 32 in a file operation.
2026-03-30 18:33:06 0 [ERROR] InnoDB: The error means that another program is using InnoDB's files. This might be a backup or antivirus software or another instance of MySQL. Please close it to get rid of this error.
2026-03-30 18:33:16 0 [ERROR] InnoDB: Operating system error number 32 in a file operation.
2026-03-30 18:33:16 0 [ERROR] InnoDB: The error means that another program is using InnoDB's files. This might be a backup or antivirus software or another instance of MySQL. Please close it to get rid of this error.
2026-03-30 18:33:26 0 [ERROR] InnoDB: Operating system error number 32 in a file operation.
2026-03-30 18:33:26 0 [ERROR] InnoDB: The error means that another program is using InnoDB's files. This might be a backup or antivirus software or another instance of MySQL. Please close it to get rid of this error.
2026-03-30 18:33:36 0 [ERROR] InnoDB: Operating system error number 32 in a file operation.
2026-03-30 18:33:36 0 [ERROR] InnoDB: The error means that another program is using InnoDB's files. This might be a backup or antivirus software or another instance of MySQL. Please close it to get rid of this error.
2026-03-30 18:33:46 0 [ERROR] InnoDB: Operating system error number 32 in a file operation.
2026-03-30 18:33:46 0 [ERROR] InnoDB: The error means that another program is using InnoDB's files. This might be a backup or antivirus software or another instance of MySQL. Please close it to get rid of this error.
2026-03-30 18:33:56 0 [ERROR] InnoDB: Operating system error number 32 in a file operation.
2026-03-30 18:33:56 0 [ERROR] InnoDB: The error means that another program is using InnoDB's files. This might be a backup or antivirus software or another instance of MySQL. Please close it to get rid of this error.
2026-03-30 18:34:06 0 [ERROR] InnoDB: Operating system error number 32 in a file operation.
2026-03-30 18:34:06 0 [ERROR] InnoDB: The error means that another program is using InnoDB's files. This might be a backup or antivirus software or another instance of MySQL. Please close it to get rid of this error.
2026-03-30 18:34:16 0 [ERROR] InnoDB: Operating system error number 32 in a file operation.
2026-03-30 18:34:16 0 [ERROR] InnoDB: The error means that another program is using InnoDB's files. This might be a backup or antivirus software or another instance of MySQL. Please close it to get rid of this error.
2026-03-30 18:34:26 0 [ERROR] InnoDB: Operating system error number 32 in a file operation.
2026-03-30 18:34:26 0 [ERROR] InnoDB: The error means that another program is using InnoDB's files. This might be a backup or antivirus software or another instance of MySQL. Please close it to get rid of this error.
2026-03-30 18:34:36 0 [ERROR] InnoDB: Operating system error number 32 in a file operation.
2026-03-30 18:34:36 0 [ERROR] InnoDB: The error means that another program is using InnoDB's files. This might be a backup or antivirus software or another instance of MySQL. Please close it to get rid of this error.
2026-03-30 18:34:46 0 [ERROR] InnoDB: Operating system error number 32 in a file operation.
2026-03-30 18:34:46 0 [ERROR] InnoDB: The error means that another program is using InnoDB's files. This might be a backup or antivirus software or another instance of MySQL. Please close it to get rid of this error.
2026-03-30 18:34:56 0 [ERROR] InnoDB: Operating system error number 32 in a file operation.
2026-03-30 18:34:56 0 [ERROR] InnoDB: The error means that another program is using InnoDB's files. This might be a backup or antivirus software or another instance of MySQL. Please close it to get rid of this error.
2026-03-30 18:35:06 0 [ERROR] InnoDB: Operating system error number 32 in a file operation.
2026-03-30 18:35:06 0 [ERROR] InnoDB: The error means that another program is using InnoDB's files. This might be a backup or antivirus software or another instance of MySQL. Please close it to get rid of this error.
2026-03-30 18:35:16 0 [ERROR] InnoDB: Operating system error number 32 in a file operation.
2026-03-30 18:35:16 0 [ERROR] InnoDB: The error means that another program is using InnoDB's files. This might be a backup or antivirus software or another instance of MySQL. Please close it to get rid of this error.
2026-03-30 18:35:26 0 [ERROR] InnoDB: Operating system error number 32 in a file operation.
2026-03-30 18:35:26 0 [ERROR] InnoDB: The error means that another program is using InnoDB's files. This might be a backup or antivirus software or another instance of MySQL. Please close it to get rid of this error.
2026-03-30 18:35:37 0 [ERROR] InnoDB: Operating system error number 32 in a file operation.
2026-03-30 18:35:37 0 [ERROR] InnoDB: The error means that another program is using InnoDB's files. This might be a backup or antivirus software or another instance of MySQL. Please close it to get rid of this error.
2026-03-30 18:35:47 0 [ERROR] InnoDB: Operating system error number 32 in a file operation.
2026-03-30 18:35:47 0 [ERROR] InnoDB: The error means that another program is using InnoDB's files. This might be a backup or antivirus software or another instance of MySQL. Please close it to get rid of this error.
2026-03-30 18:35:57 0 [ERROR] InnoDB: Operating system error number 32 in a file operation.
2026-03-30 18:35:57 0 [ERROR] InnoDB: The error means that another program is using InnoDB's files. This might be a backup or antivirus software or another instance of MySQL. Please close it to get rid of this error.
2026-03-30 18:36:07 0 [ERROR] InnoDB: Operating system error number 32 in a file operation.
2026-03-30 18:36:07 0 [ERROR] InnoDB: The error means that another program is using InnoDB's files. This might be a backup or antivirus software or another instance of MySQL. Please close it to get rid of this error.
2026-03-30 18:36:17 0 [ERROR] InnoDB: Operating system error number 32 in a file operation.
2026-03-30 18:36:17 0 [ERROR] InnoDB: The error means that another program is using InnoDB's files. This might be a backup or antivirus software or another instance of MySQL. Please close it to get rid of this error.
2026-03-30 18:36:27 0 [ERROR] InnoDB: Operating system error number 32 in a file operation.
2026-03-30 18:36:27 0 [ERROR] InnoDB: The error means that another program is using InnoDB's files. This might be a backup or antivirus software or another instance of MySQL. Please close it to get rid of this error.
2026-03-30 18:36:37 0 [ERROR] InnoDB: Operating system error number 32 in a file operation.
2026-03-30 18:36:37 0 [ERROR] InnoDB: The error means that another program is using InnoDB's files. This might be a backup or antivirus software or another instance of MySQL. Please close it to get rid of this error.
2026-03-30 18:36:47 0 [ERROR] InnoDB: Operating system error number 32 in a file operation.
2026-03-30 18:36:47 0 [ERROR] InnoDB: The error means that another program is using InnoDB's files. This might be a backup or antivirus software or another instance of MySQL. Please close it to get rid of this error.
2026-03-30 18:36:57 0 [ERROR] InnoDB: Operating system error number 32 in a file operation.
2026-03-30 18:36:57 0 [ERROR] InnoDB: The error means that another program is using InnoDB's files. This might be a backup or antivirus software or another instance of MySQL. Please close it to get rid of this error.
2026-03-30 18:37:07 0 [ERROR] InnoDB: Operating system error number 32 in a file operation.
2026-03-30 18:37:07 0 [ERROR] InnoDB: The error means that another program is using InnoDB's files. This might be a backup or antivirus software or another instance of MySQL. Please close it to get rid of this error.
2026-03-30 18:37:17 0 [ERROR] InnoDB: Operating system error number 32 in a file operation.
2026-03-30 18:37:17 0 [ERROR] InnoDB: The error means that another program is using InnoDB's files. This might be a backup or antivirus software or another instance of MySQL. Please close it to get rid of this error.
2026-03-30 18:37:27 0 [ERROR] InnoDB: Operating system error number 32 in a file operation.
2026-03-30 18:37:27 0 [ERROR] InnoDB: The error means that another program is using InnoDB's files. This might be a backup or antivirus software or another instance of MySQL. Please close it to get rid of this error.
2026-03-30 18:37:37 0 [ERROR] InnoDB: Operating system error number 32 in a file operation.
2026-03-30 18:37:37 0 [ERROR] InnoDB: The error means that another program is using InnoDB's files. This might be a backup or antivirus software or another instance of MySQL. Please close it to get rid of this error.
2026-03-30 18:37:47 0 [ERROR] InnoDB: Operating system error number 32 in a file operation.
2026-03-30 18:37:47 0 [ERROR] InnoDB: The error means that another program is using InnoDB's files. This might be a backup or antivirus software or another instance of MySQL. Please close it to get rid of this error.
2026-03-30 18:37:57 0 [ERROR] InnoDB: Operating system error number 32 in a file operation.
2026-03-30 18:37:57 0 [ERROR] InnoDB: The error means that another program is using InnoDB's files. This might be a backup or antivirus software or another instance of MySQL. Please close it to get rid of this error.
2026-03-30 18:38:07 0 [ERROR] InnoDB: Operating system error number 32 in a file operation.
2026-03-30 18:38:07 0 [ERROR] InnoDB: The error means that another program is using InnoDB's files. This might be a backup or antivirus software or another instance of MySQL. Please close it to get rid of this error.
2026-03-30 18:38:17 0 [ERROR] InnoDB: Operating system error number 32 in a file operation.
2026-03-30 18:38:17 0 [ERROR] InnoDB: The error means that another program is using InnoDB's files. This might be a backup or antivirus software or another instance of MySQL. Please close it to get rid of this error.
2026-03-30 18:38:27 0 [ERROR] InnoDB: Operating system error number 32 in a file operation.
2026-03-30 18:38:27 0 [ERROR] InnoDB: The error means that another program is using InnoDB's files. This might be a backup or antivirus software or another instance of MySQL. Please close it to get rid of this error.
2026-03-30 18:38:37 0 [ERROR] InnoDB: Operating system error number 32 in a file operation.
2026-03-30 18:38:37 0 [ERROR] InnoDB: The error means that another program is using InnoDB's files. This might be a backup or antivirus software or another instance of MySQL. Please close it to get rid of this error.
2026-03-30 18:38:47 0 [ERROR] InnoDB: Operating system error number 32 in a file operation.
2026-03-30 18:38:47 0 [ERROR] InnoDB: The error means that another program is using InnoDB's files. This might be a backup or antivirus software or another instance of MySQL. Please close it to get rid of this error.
2026-03-30 18:38:57 0 [ERROR] InnoDB: Operating system error number 2 in a file operation.
2026-03-30 18:38:57 0 [Note] InnoDB: Some operating system error numbers are described at https://mariadb.com/kb/en/library/operating-system-error-codes/
2026-03-30 18:38:57 0 [ERROR] InnoDB: File .\ibdata1: 'open' returned OS error 71. Cannot continue operation
260330 18:38:57 [ERROR] mysqld got exception 0x80000003 ;
Sorry, we probably made a mistake, and this is a bug.

Your assistance in bug reporting will enable us to fix this for the next release.
To report this bug, see https://mariadb.com/kb/en/reporting-bugs

We will try our best to scrape up some info that will hopefully help
diagnose the problem, but since we have already crashed, 
something is definitely wrong and this may fail.

Server version: 10.4.32-MariaDB source revision: c4143f909528e3fab0677a28631d10389354c491
key_buffer_size=134217728
read_buffer_size=131072
max_used_connections=0
max_threads=65537
thread_count=0
It is possible that mysqld could use up to 
key_buffer_size + (read_buffer_size + sort_buffer_size)*max_threads = 136400 K  bytes of memory
Hope that's ok; if not, decrease some variables in the equation.

Thread pointer: 0x0
Attempting backtrace. You can use the following information to find out
where mysqld died. If you see no messages after this, something went
terribly wrong...
mysqld.exe!my_parameter_handler()
ucrtbase.dll!raise()
ucrtbase.dll!abort()
mysqld.exe!?_Forced_rehash@?$_Hash@V?$_Umap_traits@PEAU_iobuf@@PEAXV?$_Uhash_compare@PEAU_iobuf@@U?$hash@PEAU_iobuf@@@std@@U?$equal_to@PEAU_iobuf@@@3@@std@@V?$allocator@U?$pair@QEAU_iobuf@@PEAX@std@@@3@$0A@@std@@@std@@IEAAX_K@Z()
mysqld.exe!?_Forced_rehash@?$_Hash@V?$_Umap_traits@PEAU_iobuf@@PEAXV?$_Uhash_compare@PEAU_iobuf@@U?$hash@PEAU_iobuf@@@std@@U?$equal_to@PEAU_iobuf@@@3@@std@@V?$allocator@U?$pair@QEAU_iobuf@@PEAX@std@@@3@$0A@@std@@@std@@IEAAX_K@Z()
mysqld.exe!?_Forced_rehash@?$_Hash@V?$_Umap_traits@PEAU_iobuf@@PEAXV?$_Uhash_compare@PEAU_iobuf@@U?$hash@PEAU_iobuf@@@std@@U?$equal_to@PEAU_iobuf@@@3@@std@@V?$allocator@U?$pair@QEAU_iobuf@@PEAX@std@@@3@$0A@@std@@@std@@IEAAX_K@Z()
mysqld.exe!pthread_dummy()
mysqld.exe!pthread_dummy()
mysqld.exe!pthread_dummy()
mysqld.exe!??$_Reallocate_grow_by@V<lambda_1>@?1??append@?$basic_string@DU?$char_traits@D@std@@V?$allocator@D@2@@std@@QEAAAEAV34@QEBD_K@Z@PEBD_K@?$basic_string@DU?$char_traits@D@std@@V?$allocator@D@2@@std@@AEAAAEAV01@_KV<lambda_1>@?1??append@01@QEAAAEAV01@QEBD0@Z@PEBD_K@Z()
mysqld.exe!?ha_initialize_handlerton@@YAHPEAUst_plugin_int@@@Z()
mysqld.exe!?plugin_dl_foreach@@YA_NPEAVTHD@@PEBUst_mysql_const_lex_string@@P6AD0PEAUst_plugin_int@@PEAX@Z3@Z()
mysqld.exe!?plugin_init@@YAHPEAHPEAPEADH@Z()
mysqld.exe!?plugin_init@@YAHPEAHPEAPEADH@Z()
mysqld.exe!?init_net_server_extension@@YAXPEAVTHD@@@Z()
mysqld.exe!?win_main@@YAHHPEAPEAD@Z()
mysqld.exe!?mysql_service@@YAXPEAX@Z()
mysqld.exe!?mysqld_main@@YAHHPEAPEAD@Z()
mysqld.exe!strxnmov()
KERNEL32.DLL!BaseThreadInitThunk()
ntdll.dll!RtlUserThreadStart()
The manual page at https://mariadb.com/kb/en/how-to-produce-a-full-stack-trace-for-mariadbd/ contains
information that should help you find out what is causing the crash.
Minidump written to C:\Users\aliay\OneDrive\Documents\Playground\real-estate-system\board-approved-java-app\runtime\mysql3307\data\mysqld.dmp
